data,precipitacao_total_mm,temperatura_media_c,umidade_relativa_%,vento_m_s,queda_de_energia,ESTADO,ESTACAO
2023-01-02,0.00,26.22,72.88,1.17,0,RJ,RIO DE JANEIRO - VILA MILITAR
2023-01-02,7.60,18.61,83.42,4.85,0,MG,BELO HORIZONTE - CERCADINHO
2023-01-04,0.00,27.56,66.71,2.29,1,ES,VITORIA
2023-01-05,0.20,26.94,72.54,2.05,1,ES,VITORIA
2023-01-12,0.00,27.21,77.08,0.78,0,RJ,RIO DE JANEIRO - VILA MILITAR
2023-01-12,17.40,19.43,79.25,3.24,0,MG,BELO HORIZONTE - CERCADINHO
2023-01-13,0.00,27.27,75.25,1.10,0,BA,SALVADOR
2023-01-13,2.80,27.01,76.25,1.55,0,SC,FLORIANOPOLIS
2023-01-13,15.60,19.49,86.00,1.27,0,DF,BRASILIA
2023-01-13,0.20,27.41,64.29,,0,MT,CUIABA
2023-01-13,0.00,27.11,72.29,2.10,0,ES,VITORIA
2023-01-13,5.60,22.66,80.75,0.78,0,GO,GOIANIA
2023-01-14,8.20,26.11,74.54,2.16,1,SC,FLORIANOPOLIS
2023-01-16,0.00,22.31,63.67,5.41,0,MG,BELO HORIZONTE - CERCADINHO
2023-01-16,0.00,29.01,75.58,0.96,0,RJ,RIO DE JANEIRO - VILA MILITAR
2023-01-18,1.40,27.05,76.38,1.10,0,RJ,RIO DE JANEIRO - VILA MILITAR
2023-01-18,0.00,21.77,66.50,5.45,0,MG,BELO HORIZONTE - CERCADINHO
2023-01-24,0.00,27.37,76.29,1.19,1,BA,SALVADOR
2023-01-25,12.20,20.22,82.58,3.20,0,MG,BELO HORIZONTE - CERCADINHO
2023-01-25,0.20,25.96,81.08,1.21,0,RJ,RIO DE JANEIRO - VILA MILITAR
2023-01-28,20.00,23.13,76.88,0.66,0,GO,GOIANIA
2023-01-28,1.40,25.75,73.53,,0,MT,CUIABA
2023-01-28,0.40,27.70,74.54,1.81,0,ES,VITORIA
2023-01-28,0.00,27.10,65.25,2.19,0,SC,FLORIANOPOLIS
2023-01-28,0.00,28.00,74.75,1.35,0,BA,SALVADOR
2023-01-28,3.00,21.12,78.25,1.68,0,DF,BRASILIA
2023-02-03,15.40,24.69,74.12,0.79,0,GO,GOIANIA
2023-02-03,0.20,21.70,75.00,1.83,0,DF,BRASILIA
2023-02-03,120.60,25.10,84.96,1.57,0,SC,FLORIANOPOLIS
2023-02-03,0.00,27.88,64.17,2.06,0,ES,VITORIA
2023-02-03,14.60,28.05,68.10,,0,MT,CUIABA
2023-02-03,19.60,25.94,84.00,0.88,0,BA,SALVADOR
2023-02-04,0.00,25.15,70.58,0.72,0,GO,GOIANIA
2023-02-04,0.00,28.24,64.58,2.14,0,ES,VITORIA
2023-02-04,0.00,21.88,74.96,1.75,0,DF,BRASILIA
2023-02-04,0.00,27.70,75.46,1.35,0,BA,SALVADOR
2023-02-04,0.00,26.79,71.45,,0,MT,CUIABA
2023-02-04,0.00,29.57,71.54,1.54,0,RJ,RIO DE JANEIRO - VILA MILITAR
2023-02-04,16.20,25.25,79.62,1.60,0,SC,FLORIANOPOLIS
2023-02-04,0.00,24.02,56.83,2.70,0,MG,BELO HORIZONTE - CERCADINHO
2023-02-05,0.00,29.12,66.79,1.82,0,ES,VITORIA
2023-02-05,0.00,28.23,63.22,,0,MT,CUIABA
2023-02-05,0.00,27.67,75.83,1.15,0,BA,SALVADOR
2023-02-05,12.40,21.77,79.83,1.40,0,DF,BRASILIA
2023-02-05,1.40,25.94,72.58,1.59,0,SC,FLORIANOPOLIS
2023-02-05,0.00,24.38,71.54,0.68,0,GO,GOIANIA
2023-02-07,0.00,25.96,63.29,1.25,0,SC,FLORIANOPOLIS
2023-02-07,0.00,27.81,69.96,1.41,0,BA,SALVADOR
2023-02-07,0.00,27.84,72.50,1.52,0,ES,VITORIA
2023-02-07,10.60,22.50,69.12,1.70,0,DF,BRASILIA
2023-02-07,8.00,27.00,69.05,,0,MT,CUIABA
2023-02-07,0.00,24.09,72.67,0.82,0,GO,GOIANIA
2023-02-13,0.00,28.28,65.88,2.05,1,ES,VITORIA
2023-02-14,0.00,24.38,60.08,2.00,0,DF,BRASILIA
2023-02-14,0.00,27.78,66.33,1.91,0,ES,VITORIA
2023-02-14,0.00,30.15,59.58,,0,MT,CUIABA
2023-02-14,0.00,26.21,67.83,0.63,0,GO,GOIANIA
2023-02-14,13.00,26.90,73.54,0.94,0,SC,FLORIANOPOLIS
2023-02-14,0.00,28.23,72.75,1.01,0,BA,SALVADOR
2023-02-15,0.00,28.18,63.00,2.06,1,ES,VITORIA
2023-02-25,4.00,23.80,81.21,0.66,0,GO,GOIANIA
2023-02-25,0.00,23.31,71.21,1.71,0,DF,BRASILIA
2023-02-25,0.20,26.50,75.21,1.26,0,SC,FLORIANOPOLIS
2023-02-25,3.80,26.46,82.29,0.92,0,BA,SALVADOR
2023-02-25,33.60,27.92,67.50,,0,MT,CUIABA
2023-02-25,0.00,27.01,71.50,1.98,0,ES,VITORIA
2023-03-02,0.00,24.07,70.12,1.05,0,GO,GOIANIA
2023-03-02,0.40,27.65,69.79,1.58,0,ES,VITORIA
2023-03-02,0.00,29.35,60.82,,0,MT,CUIABA
2023-03-02,0.00,26.02,72.54,1.26,0,SC,FLORIANOPOLIS
2023-03-02,6.20,20.19,81.29,1.87,0,DF,BRASILIA
2023-03-02,0.00,27.97,74.42,1.00,0,BA,SALVADOR
2023-03-09,0.00,21.57,67.88,5.22,0,MG,BELO HORIZONTE - CERCADINHO
2023-03-09,0.00,28.03,74.58,0.69,0,RJ,RIO DE JANEIRO - VILA MILITAR
2023-03-11,3.40,25.58,80.88,1.11,0,SC,FLORIANOPOLIS
2023-03-11,0.00,21.10,79.04,1.55,0,DF,BRASILIA
2023-03-11,4.00,26.14,82.79,1.02,0,BA,SALVADOR
2023-03-11,0.40,23.25,79.25,0.94,0,GO,GOIANIA
2023-03-11,0.00,27.05,67.08,1.60,0,ES,VITORIA
2023-03-11,22.20,25.77,75.70,,0,MT,CUIABA
2023-03-11,51.80,26.07,84.25,1.29,0,RJ,RIO DE JANEIRO - VILA MILITAR
2023-03-11,0.00,21.61,66.21,4.51,0,MG,BELO HORIZONTE - CERCADINHO
2023-03-13,12.80,25.67,80.54,0.41,0,SC,FLORIANOPOLIS
2023-03-13,1.20,21.81,79.96,1.50,0,DF,BRASILIA
2023-03-13,6.00,22.68,87.08,0.59,0,GO,GOIANIA
2023-03-13,6.00,25.96,69.75,,0,MT,CUIABA
2023-03-13,0.60,26.32,70.54,1.39,0,ES,VITORIA
2023-03-13,10.60,26.12,86.83,1.02,0,BA,SALVADOR
2023-03-14,11.80,22.35,84.46,0.48,0,GO,GOIANIA
2023-03-14,0.00,21.30,79.38,1.47,0,DF,BRASILIA
2023-03-14,1.80,26.97,78.88,0.95,0,BA,SALVADOR
2023-03-14,0.00,26.31,70.46,1.28,0,ES,VITORIA
2023-03-14,0.00,27.14,66.52,,0,MT,CUIABA
2023-03-14,10.80,25.96,77.67,0.55,0,SC,FLORIANOPOLIS
2023-03-15,8.40,23.14,77.25,0.64,0,GO,GOIANIA
2023-03-15,0.00,27.98,64.95,,0,MT,CUIABA
2023-03-15,0.00,20.81,79.83,1.60,0,DF,BRASILIA
2023-03-15,34.60,26.53,72.29,1.26,0,ES,VITORIA
2023-03-15,18.20,26.17,76.54,0.37,0,SC,FLORIANOPOLIS
2023-03-15,2.40,26.35,78.79,1.03,0,BA,SALVADOR
2023-03-20,3.20,22.20,82.25,0.45,0,GO,GOIANIA
2023-03-20,3.20,25.60,77.47,,0,MT,CUIABA
2023-03-20,0.00,27.13,69.92,0.04,0,SC,FLORIANOPOLIS
2023-03-20,3.80,26.60,81.71,0.80,0,BA,SALVADOR
2023-03-20,19.40,19.40,85.79,1.56,0,DF,BRASILIA
2023-03-20,0.00,26.93,70.96,1.55,0,ES,VITORIA
2023-03-21,0.00,22.44,62.04,3.50,0,MG,BELO HORIZONTE - CERCADINHO
2023-03-21,0.00,27.58,71.33,1.60,0,RJ,RIO DE JANEIRO - VILA MILITAR
2023-03-24,0.00,22.16,68.21,2.23,0,DF,BRASILIA
2023-03-24,1.60,26.34,72.60,,0,MT,CUIABA
2023-03-24,8.40,26.40,83.00,1.35,0,BA,SALVADOR
2023-03-24,0.00,24.82,69.12,0.56,0,GO,GOIANIA
2023-03-24,3.00,24.88,80.29,1.21,0,SC,FLORIANOPOLIS
2023-03-24,0.00,26.83,70.38,1.44,0,ES,VITORIA
2023-03-24,0.00,22.18,58.21,4.88,0,MG,BELO HORIZONTE - CERCADINHO
2023-03-24,0.00,27.41,74.33,0.74,0,RJ,RIO DE JANEIRO - VILA MILITAR
2023-03-25,0.00,25.47,71.67,0.02,0,SC,FLORIANOPOLIS
2023-03-25,0.00,26.66,72.25,,0,MT,CUIABA
2023-03-25,0.00,22.05,59.79,2.10,0,DF,BRASILIA
2023-03-25,14.40,25.25,92.83,0.81,0,BA,SALVADOR
2023-03-25,0.00,25.23,59.33,0.53,0,GO,GOIANIA
2023-03-25,0.00,27.18,67.42,1.41,0,ES,VITORIA
2023-03-26,0.00,28.83,61.77,,0,MT,CUIABA
2023-03-26,0.00,23.00,57.88,2.00,0,DF,BRASILIA
2023-03-26,0.20,26.35,72.21,0.97,0,SC,FLORIANOPOLIS
2023-03-26,0.00,24.72,60.29,0.62,0,GO,GOIANIA
2023-03-26,0.00,27.52,69.17,1.68,0,ES,VITORIA
2023-03-26,7.80,25.72,90.00,0.69,0,BA,SALVADOR
2023-03-29,0.00,25.52,67.12,0.67,0,GO,GOIANIA
2023-03-29,10.20,25.37,86.12,0.89,0,BA,SALVADOR
2023-03-29,0.00,23.00,64.00,2.56,0,DF,BRASILIA
2023-03-29,9.80,24.99,75.67,1.29,0,SC,FLORIANOPOLIS
2023-03-29,3.80,27.29,71.21,,0,MT,CUIABA
2023-03-29,0.00,26.65,72.04,1.20,0,ES,VITORIA
2023-04-01,0.00,23.43,68.58,3.48,0,SC,FLORIANOPOLIS
2023-04-01,0.00,24.50,64.71,0.75,0,GO,GOIANIA
2023-04-01,0.00,22.96,64.12,1.43,0,DF,BRASILIA
2023-04-01,5.40,27.40,66.96,1.10,0,ES,VITORIA
2023-04-01,0.00,27.49,65.21,,0,MT,CUIABA
2023-04-01,0.60,26.83,77.71,0.82,0,BA,SALVADOR
2023-04-02,0.00,21.93,62.42,7.09,0,MG,BELO HORIZONTE - CERCADINHO
2023-04-02,18.20,23.90,81.92,1.16,0,RJ,RIO DE JANEIRO - VILA MILITAR
2023-04-03,14.60,22.48,73.75,1.03,0,GO,GOIANIA
2023-04-03,0.60,19.55,75.08,2.18,0,DF,BRASILIA
2023-04-03,0.00,23.48,64.92,0.65,0,SC,FLORIANOPOLIS
2023-04-03,0.00,25.78,57.42,1.32,0,ES,VITORIA
2023-04-03,0.00,27.72,74.62,1.15,0,BA,SALVADOR
2023-04-03,0.00,27.68,63.83,,0,MT,CUIABA
2023-04-06,4.20,25.25,80.38,0.98,1,ES,VITORIA
2023-04-07,0.20,24.60,85.12,0.30,1,RJ,RIO DE JANEIRO - VILA MILITAR
2023-04-15,0.00,24.52,73.12,0.60,0,GO,GOIANIA
2023-04-15,0.00,22.03,75.46,1.32,0,DF,BRASILIA
2023-04-15,0.00,26.88,73.42,0.74,0,BA,SALVADOR
2023-04-15,0.00,27.02,77.22,,0,MT,CUIABA
2023-04-15,29.40,25.96,76.54,1.03,0,ES,VITORIA
2023-04-15,1.20,21.22,80.46,0.18,0,SC,FLORIANOPOLIS
2023-04-17,0.00,24.95,80.38,0.45,0,RJ,RIO DE JANEIRO - VILA MILITAR
2023-04-17,0.20,20.63,67.08,4.80,0,MG,BELO HORIZONTE - CERCADINHO
2023-04-22,0.00,19.55,84.92,3.07,1,DF,BRASILIA
2023-04-23,0.20,17.32,78.96,5.68,0,MG,BELO HORIZONTE - CERCADINHO
2023-04-23,0.00,22.65,74.92,0.89,0,RJ,RIO DE JANEIRO - VILA MILITAR
2023-04-24,0.00,22.85,70.58,1.40,1,GO,GOIANIA
2023-04-26,0.00,21.76,68.50,2.18,1,DF,BRASILIA
2023-04-30,0.00,29.38,61.58,,0,MT,CUIABA
2023-04-30,0.00,22.28,74.83,0.74,0,SC,FLORIANOPOLIS
2023-04-30,26.60,19.55,84.67,1.72,0,DF,BRASILIA
2023-04-30,0.00,27.54,80.08,0.95,0,BA,SALVADOR
2023-04-30,6.60,23.49,83.62,0.71,0,ES,VITORIA
2023-04-30,0.00,24.09,70.79,0.77,0,GO,GOIANIA
2023-05-01,0.40,18.98,71.62,5.26,0,MG,BELO HORIZONTE - CERCADINHO
2023-05-01,0.20,23.30,80.67,1.08,1,ES,VITORIA
2023-05-01,0.00,23.71,83.25,0.37,0,RJ,RIO DE JANEIRO - VILA MILITAR
2023-05-04,0.00,20.38,64.38,4.98,0,MG,BELO HORIZONTE - CERCADINHO
2023-05-04,0.00,24.04,81.58,0.33,0,RJ,RIO DE JANEIRO - VILA MILITAR
2023-05-07,0.00,24.02,79.38,0.68,0,RJ,RIO DE JANEIRO - VILA MILITAR
2023-05-07,0.00,18.48,68.38,5.26,0,MG,BELO HORIZONTE - CERCADINHO
2023-05-07,24.20,25.14,89.17,1.39,1,BA,SALVADOR
2023-05-10,0.00,19.30,68.67,3.95,0,MG,BELO HORIZONTE - CERCADINHO
2023-05-10,8.80,22.65,89.62,0.50,0,RJ,RIO DE JANEIRO - VILA MILITAR
2023-05-11,23.00,24.53,94.88,1.72,1,BA,SALVADOR
2023-05-12,0.40,22.38,71.21,0.63,0,GO,GOIANIA
2023-05-12,0.00,17.68,61.67,0.90,0,SC,FLORIANOPOLIS
2023-05-12,6.20,22.94,77.50,0.71,0,ES,VITORIA
2023-05-12,0.20,21.00,69.79,1.38,0,DF,BRASILIA
2023-05-12,0.00,25.99,69.50,,0,MT,CUIABA
2023-05-12,2.40,26.07,87.50,0.72,0,BA,SALVADOR
2023-05-14,0.00,19.66,59.17,1.51,0,DF,BRASILIA
2023-05-14,0.00,20.48,63.54,0.60,0,GO,GOIANIA
2023-05-14,0.00,24.27,59.29,,0,MT,CUIABA
2023-05-14,48.00,25.28,90.12,0.73,0,BA,SALVADOR
2023-05-14,0.00,17.34,70.75,0.09,0,SC,FLORIANOPOLIS
2023-05-14,0.00,23.17,70.33,0.90,0,ES,VITORIA
2023-05-16,0.00,20.10,75.62,1.43,0,RJ,RIO DE JANEIRO - VILA MILITAR
2023-05-16,0.00,19.58,45.00,3.90,0,MG,BELO HORIZONTE - CERCADINHO
2023-05-20,0.20,25.45,70.62,2.74,1,BA,SALVADOR
2023-05-23,0.00,15.78,73.88,6.25,0,MG,BELO HORIZONTE - CERCADINHO
2023-05-23,0.00,21.81,77.96,0.34,0,RJ,RIO DE JANEIRO - VILA MILITAR
2023-05-26,0.00,16.47,71.83,6.28,0,MG,BELO HORIZONTE - CERCADINHO
2023-05-26,0.00,22.40,79.50,0.52,0,RJ,RIO DE JANEIRO - VILA MILITAR
2023-06-01,0.00,25.15,70.17,1.15,0,MT,CUIABA
2023-06-01,1.40,23.21,77.29,0.95,0,ES,VITORIA
2023-06-01,0.00,26.14,78.33,1.35,0,BA,SALVADOR
2023-06-01,0.20,18.47,84.08,0.48,0,SC,FLORIANOPOLIS
2023-06-01,0.00,22.37,69.62,0.96,0,GO,GOIANIA
2023-06-01,0.00,20.17,72.62,1.58,0,DF,BRASILIA
2023-06-02,41.62,17.13,64.17,6.90,1,MG,BELO HORIZONTE - CERCADINHO
2023-06-02,0.00,25.47,83.25,1.88,1,BA,SALVADOR
2023-06-04,0.40,25.34,73.04,2.39,1,BA,SALVADOR
2023-06-06,0.00,25.45,48.67,0.74,1,MT,CUIABA
2023-06-15,0.00,18.20,67.92,6.22,0,MG,BELO HORIZONTE - CERCADINHO
2023-06-15,0.40,23.14,85.42,0.53,0,RJ,RIO DE JANEIRO - VILA MILITAR
2023-06-19,0.40,16.25,71.12,6.90,1,MG,BELO HORIZONTE - CERCADINHO
2023-06-20,0.00,21.13,59.42,0.58,1,GO,GOIANIA
2023-06-23,0.00,20.18,71.29,1.24,0,ES,VITORIA
2023-06-23,10.60,18.48,84.88,0.89,0,SC,FLORIANOPOLIS
2023-06-23,0.00,26.58,47.12,1.25,0,MT,CUIABA
2023-06-23,0.80,25.00,71.12,1.25,0,BA,SALVADOR
2023-06-23,0.00,18.46,59.00,2.18,0,DF,BRASILIA
2023-06-23,0.00,19.57,59.42,0.46,0,GO,GOIANIA
2023-06-29,0.00,18.42,48.46,4.40,0,MG,BELO HORIZONTE - CERCADINHO
2023-06-29,0.00,20.94,79.29,0.92,0,RJ,RIO DE JANEIRO - VILA MILITAR
2023-07-02,0.00,17.43,48.79,3.43,0,MG,BELO HORIZONTE - CERCADINHO
2023-07-02,1.40,20.95,77.79,1.75,0,RJ,RIO DE JANEIRO - VILA MILITAR
2023-07-03,0.00,23.92,82.42,1.37,1,BA,SALVADOR
2023-07-04,0.00,14.07,59.08,7.23,1,MG,BELO HORIZONTE - CERCADINHO
2023-07-07,0.00,21.27,68.88,1.45,0,ES,VITORIA
2023-07-07,0.00,19.24,56.21,0.34,0,GO,GOIANIA
2023-07-07,0.00,17.29,54.79,1.40,0,DF,BRASILIA
2023-07-07,2.60,23.85,80.62,1.33,0,BA,SALVADOR
2023-07-07,0.20,20.00,78.33,0.91,0,SC,FLORIANOPOLIS
2023-07-07,0.00,27.92,40.92,1.52,0,MT,CUIABA
2023-07-10,55.73,20.95,57.17,0.34,1,GO,GOIANIA
2023-07-10,0.00,20.28,45.33,4.11,0,MG,BELO HORIZONTE - CERCADINHO
2023-07-10,0.00,21.95,80.92,0.55,0,RJ,RIO DE JANEIRO - VILA MILITAR
2023-07-12,0.00,28.93,37.04,1.72,1,MT,CUIABA
2023-07-13,0.00,21.70,42.71,3.43,0,MG,BELO HORIZONTE - CERCADINHO
2023-07-13,0.00,26.94,59.21,1.89,0,RJ,RIO DE JANEIRO - VILA MILITAR
2023-07-15,0.00,20.34,64.71,0.70,0,GO,GOIANIA
2023-07-15,0.00,21.06,61.12,1.42,0,ES,VITORIA
2023-07-15,0.00,15.27,74.12,0.09,0,SC,FLORIANOPOLIS
2023-07-15,0.00,25.32,84.42,1.20,0,BA,SALVADOR
2023-07-15,0.00,21.20,55.54,0.87,0,MT,CUIABA
2023-07-15,0.00,19.90,61.71,2.05,0,DF,BRASILIA
2023-07-21,0.00,18.45,66.58,4.39,1,DF,BRASILIA
2023-07-22,0.00,28.35,31.92,2.12,1,MT,CUIABA
2023-07-23,0.00,21.58,52.21,1.31,1,GO,GOIANIA
2023-07-23,0.00,19.25,54.50,3.06,1,DF,BRASILIA
2023-07-23,0.00,17.00,63.50,20.91,1,MG,BELO HORIZONTE - CERCADINHO
2023-07-24,1.60,24.35,77.92,1.50,1,BA,SALVADOR
2023-07-25,0.20,20.16,84.67,1.21,1,SC,FLORIANOPOLIS
2023-07-27,0.00,19.44,43.33,1.87,0,DF,BRASILIA
2023-07-27,18.80,23.89,89.04,1.72,0,BA,SALVADOR
2023-07-27,0.00,22.05,73.88,1.21,0,ES,VITORIA
2023-07-27,0.00,28.82,38.21,1.00,0,MT,CUIABA
2023-07-27,1.40,18.23,74.88,3.38,0,SC,FLORIANOPOLIS
2023-07-27,0.00,22.85,41.62,0.93,0,GO,GOIANIA
2023-08-01,19.20,23.65,86.58,1.96,1,BA,SALVADOR
2023-08-01,0.00,23.12,47.17,0.93,1,GO,GOIANIA
2023-08-08,1.20,17.66,72.04,1.46,0,SC,FLORIANOPOLIS
2023-08-08,0.60,24.92,76.92,0.83,0,BA,SALVADOR
2023-08-08,0.00,22.75,72.21,1.54,0,ES,VITORIA
2023-08-08,0.00,30.59,38.83,1.05,0,MT,CUIABA
2023-08-08,0.00,23.75,45.71,0.66,0,GO,GOIANIA
2023-08-08,0.00,21.53,37.92,2.09,0,DF,BRASILIA
2023-08-09,0.00,17.45,69.33,8.12,1,MG,BELO HORIZONTE - CERCADINHO
2023-08-11,0.00,33.24,26.00,2.08,1,MT,CUIABA
2023-08-13,0.00,21.72,43.75,2.21,0,DF,BRASILIA
2023-08-13,0.00,26.21,60.33,2.27,0,MT,CUIABA
2023-08-13,5.00,24.41,75.92,1.20,0,BA,SALVADOR
2023-08-13,0.00,24.01,40.96,0.82,0,GO,GOIANIA
2023-08-13,0.00,23.64,71.38,1.22,0,ES,VITORIA
2023-08-13,0.00,14.71,61.83,0.98,0,SC,FLORIANOPOLIS
2023-08-14,0.00,19.19,61.62,6.60,1,MG,BELO HORIZONTE - CERCADINHO
2023-08-14,218.09,21.58,43.25,3.21,1,DF,BRASILIA
2023-08-14,0.00,24.58,41.04,1.54,1,GO,GOIANIA
2023-08-16,0.00,21.68,49.42,1.46,1,GO,GOIANIA
2023-08-17,0.00,21.61,81.92,2.44,1,SC,FLORIANOPOLIS
2023-08-17,0.00,22.58,77.88,0.62,0,RJ,RIO DE JANEIRO - VILA MILITAR
2023-08-17,0.00,17.46,69.04,5.05,0,MG,BELO HORIZONTE - CERCADINHO
2023-08-24,0.00,27.49,57.96,0.94,0,RJ,RIO DE JANEIRO - VILA MILITAR
2023-08-24,28.60,19.54,85.04,3.13,1,SC,FLORIANOPOLIS
2023-08-24,0.00,24.78,37.33,2.96,0,MG,BELO HORIZONTE - CERCADINHO
2023-08-27,58.38,14.75,87.88,9.66,1,MG,BELO HORIZONTE - CERCADINHO
2023-08-27,0.00,26.43,50.88,1.30,1,MT,CUIABA
2023-08-30,0.20,23.07,82.25,0.85,0,ES,VITORIA
2023-08-30,10.60,24.30,70.71,1.18,0,GO,GOIANIA
2023-08-30,0.00,25.30,85.21,0.88,0,BA,SALVADOR
2023-08-30,0.00,32.06,41.67,1.18,0,MT,CUIABA
2023-08-30,2.20,17.88,84.54,0.24,0,SC,FLORIANOPOLIS
2023-08-30,8.20,21.25,76.79,2.24,0,DF,BRASILIA
2023-08-31,0.00,31.43,46.79,2.43,1,MT,CUIABA
2023-09-02,2.40,26.20,64.46,1.07,0,GO,GOIANIA
2023-09-02,0.00,25.98,76.46,0.87,0,BA,SALVADOR
2023-09-02,1.80,23.17,67.46,2.24,0,DF,BRASILIA
2023-09-02,0.00,33.38,37.75,2.77,0,MT,CUIABA
2023-09-02,2.20,18.72,85.08,0.88,0,SC,FLORIANOPOLIS
2023-09-02,3.40,22.32,80.17,0.90,0,ES,VITORIA
2023-09-04,5.40,24.66,85.92,0.97,1,BA,SALVADOR
2023-09-04,0.00,33.58,34.12,2.26,1,MT,CUIABA
2023-09-06,0.00,23.60,60.12,3.86,1,DF,BRASILIA
2023-09-10,0.00,23.35,37.96,2.81,1,DF,BRASILIA
2023-09-10,0.00,26.70,42.46,1.22,1,GO,GOIANIA
2023-09-11,0.00,20.75,79.83,2.07,1,SC,FLORIANOPOLIS
2023-09-14,0.00,26.25,50.54,1.75,0,GO,GOIANIA
2023-09-14,9.60,21.15,83.54,1.62,0,MT,CUIABA
2023-09-14,0.00,26.54,62.00,2.33,0,ES,VITORIA
2023-09-14,0.00,25.20,76.92,1.02,0,BA,SALVADOR
2023-09-14,0.00,23.47,49.92,2.10,0,DF,BRASILIA
2023-09-14,0.20,20.28,63.54,2.28,0,SC,FLORIANOPOLIS
2023-09-15,0.00,24.81,58.92,1.26,1,GO,GOIANIA
2023-09-24,0.00,26.63,35.33,1.75,0,DF,BRASILIA
2023-09-24,0.00,25.40,81.42,1.25,0,BA,SALVADOR
2023-09-24,0.00,33.44,40.61,1.36,0,MT,CUIABA
2023-09-24,0.00,27.50,63.26,2.10,0,ES,VITORIA
2023-09-24,3.40,22.92,79.79,1.45,0,SC,FLORIANOPOLIS
2023-09-24,0.00,29.40,43.17,0.48,0,GO,GOIANIA
2023-09-27,0.20,28.50,73.12,1.88,0,RJ,RIO DE JANEIRO - VILA MILITAR
2023-09-27,0.00,25.12,50.67,4.06,0,MG,BELO HORIZONTE - CERCADINHO
2023-09-28,0.00,26.36,73.96,1.59,1,BA,SALVADOR
2023-09-29,0.80,31.09,52.45,1.29,0,MT,CUIABA
2023-09-29,7.20,22.58,73.67,1.69,0,DF,BRASILIA
2023-09-29,0.80,19.05,79.75,0.11,0,SC,FLORIANOPOLIS
2023-09-29,0.00,22.35,65.29,1.66,0,ES,VITORIA
2023-09-29,0.00,26.13,78.38,1.10,0,BA,SALVADOR
2023-09-29,0.60,27.02,62.54,0.86,0,GO,GOIANIA
2023-10-01,5.00,19.03,82.29,2.46,1,SC,FLORIANOPOLIS
2023-10-03,2.20,22.02,74.21,2.18,0,DF,BRASILIA
2023-10-03,0.00,18.31,68.08,0.53,0,SC,FLORIANOPOLIS
2023-10-03,0.60,24.58,78.33,1.02,0,ES,VITORIA
2023-10-03,0.40,25.83,63.17,0.96,0,GO,GOIANIA
2023-10-03,4.80,31.61,48.14,2.30,0,MT,CUIABA
2023-10-03,0.00,25.79,77.21,1.33,0,BA,SALVADOR
2023-10-04,0.00,26.05,75.38,1.05,0,RJ,RIO DE JANEIRO - VILA MILITAR
2023-10-04,0.60,24.42,61.54,3.42,0,MG,BELO HORIZONTE - CERCADINHO
2023-10-05,0.60,25.80,81.08,2.10,0,RJ,RIO DE JANEIRO - VILA MILITAR
2023-10-05,40.20,22.10,79.80,0.50,1,SP,Sao Paulo
2023-10-05,0.00,25.11,56.96,3.31,0,MG,BELO HORIZONTE - CERCADINHO
2023-10-07,2.80,28.63,75.17,1.58,1,RJ,RIO DE JANEIRO - VILA MILITAR
2023-10-09,86.60,20.50,82.00,1.60,1,SP,Sao Paulo
2023-10-10,0.00,25.22,62.88,1.81,0,DF,BRASILIA
2023-10-10,16.00,29.80,62.35,1.52,0,MT,CUIABA
2023-10-10,0.00,20.14,74.83,0.68,0,SC,FLORIANOPOLIS
2023-10-10,0.00,26.72,72.17,1.27,0,BA,SALVADOR
2023-10-10,0.00,24.77,75.65,1.30,0,ES,VITORIA
2023-10-10,0.00,28.27,59.29,0.81,0,GO,GOIANIA
2023-10-12,0.00,26.83,49.26,2.02,1,DF,BRASILIA
2023-10-13,7.80,23.67,87.21,2.13,0,RJ,RIO DE JANEIRO - VILA MILITAR
2023-10-13,0.00,23.88,57.12,5.30,0,MG,BELO HORIZONTE - CERCADINHO
2023-10-13,0.00,26.37,64.87,1.65,1,ES,VITORIA
2023-10-14,0.00,27.05,73.71,1.55,1,BA,SALVADOR
2023-10-16,0.00,25.57,46.00,3.51,1,DF,BRASILIA
2023-10-19,2.60,21.32,74.42,8.19,1,MG,BELO HORIZONTE - CERCADINHO
2023-10-21,3.20,19.31,81.38,7.42,1,MG,BELO HORIZONTE - CERCADINHO
2023-10-22,0.00,23.09,73.29,1.72,1,RJ,RIO DE JANEIRO - VILA MILITAR
2023-10-23,0.00,32.80,48.29,2.10,1,MT,CUIABA
2023-10-24,0.00,26.55,75.71,0.85,0,RJ,RIO DE JANEIRO - VILA MILITAR
2023-10-24,0.00,24.67,46.21,4.61,0,MG,BELO HORIZONTE - CERCADINHO
2023-10-25,43.41,28.73,59.96,2.25,1,MT,CUIABA
2023-10-26,85.22,21.87,77.92,2.23,1,SP,Sao Paulo
2023-10-30,12.00,30.86,53.38,2.64,1,MT,CUIABA
2023-10-30,44.39,25.50,71.00,26.99,1,SP,Sao Paulo
2023-10-30,0.00,27.94,73.67,2.19,1,RJ,RIO DE JANEIRO - VILA MILITAR
2023-10-30,0.00,27.91,60.17,2.03,1,ES,VITORIA
2023-10-31,0.00,27.67,78.29,0.89,0,RJ,RIO DE JANEIRO - VILA MILITAR
2023-10-31,4.00,22.15,72.21,5.39,0,MG,BELO HORIZONTE - CERCADINHO
2023-11-03,0.00,26.78,74.17,1.21,0,RJ,RIO DE JANEIRO - VILA MILITAR
2023-11-03,5.40,21.85,79.92,3.19,0,MG,BELO HORIZONTE - CERCADINHO
2023-11-04,24.20,24.42,79.33,1.86,1,RJ,RIO DE JANEIRO - VILA MILITAR
2023-11-06,0.00,27.45,77.38,1.58,1,BA,SALVADOR
2023-11-08,0.00,23.30,62.54,1.57,0,ES,VITORIA
2023-11-08,1.20,25.11,78.83,2.29,0,BA,SALVADOR
2023-11-08,0.00,34.15,40.92,2.68,0,MT,CUIABA
2023-11-08,0.00,25.20,55.38,2.85,0,DF,BRASILIA
2023-11-08,0.00,22.71,68.50,0.87,0,SC,FLORIANOPOLIS
2023-11-08,5.40,26.05,65.62,0.95,0,GO,GOIANIA
2023-11-09,5.40,25.91,79.75,1.74,0,BA,SALVADOR
2023-11-09,0.00,24.82,62.79,1.99,0,ES,VITORIA
2023-11-09,5.40,31.63,52.04,2.25,0,MT,CUIABA
2023-11-09,0.20,26.68,58.62,0.70,0,GO,GOIANIA
2023-11-09,0.00,22.78,79.92,1.89,0,SC,FLORIANOPOLIS
2023-11-09,0.00,25.28,37.71,2.72,0,DF,BRASILIA
2023-11-10,0.00,33.94,37.50,2.33,1,MT,CUIABA
2023-11-12,0.00,27.52,32.71,2.97,1,MG,BELO HORIZONTE - CERCADINHO
2023-11-14,1.00,29.60,74.12,1.57,0,RJ,RIO DE JANEIRO - VILA MILITAR
2023-11-14,0.00,28.74,34.50,4.43,0,MG,BELO HORIZONTE - CERCADINHO
2023-11-14,0.00,28.62,58.67,2.81,1,ES,VITORIA
2023-11-16,0.00,27.82,63.71,2.53,1,ES,VITORIA
2023-11-18,54.82,28.78,63.96,2.83,1,ES,VITORIA
2023-11-18,45.17,21.35,75.35,0.26,1,SP,Sao Paulo
2023-11-19,19.80,31.72,51.27,2.43,1,MT,CUIABA
2023-11-20,1.60,27.62,70.09,1.90,0,MT,CUIABA
2023-11-20,11.80,21.38,82.38,2.50,0,DF,BRASILIA
2023-11-20,0.00,27.57,71.75,1.51,0,BA,SALVADOR
2023-11-20,0.00,22.53,67.71,0.18,0,SC,FLORIANOPOLIS
2023-11-20,39.00,19.63,82.08,7.07,0,MG,BELO HORIZONTE - CERCADINHO
2023-11-20,12.60,23.28,91.71,0.44,0,RJ,RIO DE JANEIRO - VILA MILITAR
2023-11-20,3.20,26.20,70.12,1.48,0,ES,VITORIA
2023-11-20,49.20,24.69,72.50,1.34,0,GO,GOIANIA
2023-11-22,0.00,23.54,61.38,4.31,0,MG,BELO HORIZONTE - CERCADINHO
2023-11-22,0.00,30.10,71.42,0.88,0,RJ,RIO DE JANEIRO - VILA MILITAR
2023-11-23,4.20,28.02,79.42,1.76,1,RJ,RIO DE JANEIRO - VILA MILITAR
2023-11-25,0.40,22.71,75.25,0.96,0,RJ,RIO DE JANEIRO - VILA MILITAR
2023-11-25,0.40,19.93,78.42,9.61,0,MG,BELO HORIZONTE - CERCADINHO
2023-11-28,47.92,27.59,75.83,1.19,1,RJ,RIO DE JANEIRO - VILA MILITAR
2023-12-01,7.40,24.27,61.33,3.77,0,MG,BELO HORIZONTE - CERCADINHO
2023-12-01,0.00,27.64,72.46,1.41,0,RJ,RIO DE JANEIRO - VILA MILITAR
2023-12-05,0.00,28.52,64.00,2.16,1,ES,VITORIA
2023-12-06,230.55,23.66,66.33,5.41,1,MG,BELO HORIZONTE - CERCADINHO
2023-12-06,0.40,27.35,72.71,1.16,1,BA,SALVADOR
2023-12-07,207.36,25.99,70.61,0.95,1,SP,Sao Paulo
2023-12-07,0.00,31.29,64.12,1.20,1,RJ,RIO DE JANEIRO - VILA MILITAR
2023-12-08,0.00,25.16,47.12,1.77,0,DF,BRASILIA
2023-12-08,22.80,28.00,68.22,1.76,0,MT,CUIABA
2023-12-08,0.60,27.05,72.96,1.16,0,BA,SALVADOR
2023-12-08,0.00,27.32,55.25,0.54,0,GO,GOIANIA
2023-12-08,0.00,28.82,57.79,2.15,0,ES,VITORIA
2023-12-08,0.60,22.75,75.58,2.05,0,SC,FLORIANOPOLIS
2023-12-09,9.20,23.86,85.29,1.46,0,RJ,RIO DE JANEIRO - VILA MILITAR
2023-12-09,0.00,23.75,62.33,6.88,0,MG,BELO HORIZONTE - CERCADINHO
2023-12-13,13.40,25.33,76.04,1.00,0,GO,GOIANIA
2023-12-13,0.20,27.90,68.67,1.27,0,BA,SALVADOR
2023-12-13,0.00,32.78,47.30,2.21,0,MT,CUIABA
2023-12-13,0.00,25.51,69.71,1.25,0,ES,VITORIA
2023-12-13,0.20,24.98,69.00,0.71,0,SC,FLORIANOPOLIS
2023-12-13,0.60,24.48,68.38,2.24,0,DF,BRASILIA
2023-12-15,0.00,28.01,67.17,1.25,1,BA,SALVADOR
2023-12-18,0.00,28.13,68.67,1.30,0,BA,SALVADOR
2023-12-18,12.60,26.46,73.12,1.33,0,ES,VITORIA
2023-12-18,0.00,28.51,68.79,1.39,1,RJ,RIO DE JANEIRO - VILA MILITAR
2023-12-18,0.00,33.58,38.79,1.90,0,MT,CUIABA
2023-12-18,0.00,27.53,75.75,0.91,0,SC,FLORIANOPOLIS
2023-12-18,2.20,23.83,62.33,1.87,0,DF,BRASILIA
2023-12-18,0.00,27.28,54.92,0.49,0,GO,GOIANIA
2023-12-19,0.40,21.77,66.75,7.11,0,MG,BELO HORIZONTE - CERCADINHO
2023-12-19,0.00,27.58,66.21,1.83,0,RJ,RIO DE JANEIRO - VILA MILITAR
2023-12-20,0.00,26.42,67.00,0.18,0,SC,FLORIANOPOLIS
2023-12-20,13.40,29.23,62.52,1.24,0,MT,CUIABA
2023-12-20,52.40,26.04,81.46,1.25,0,BA,SALVADOR
2023-12-20,18.40,24.25,78.04,0.95,0,GO,GOIANIA
2023-12-20,3.60,22.42,79.38,2.33,0,DF,BRASILIA
2023-12-20,0.00,25.85,74.08,1.44,0,ES,VITORIA
2023-12-24,5.00,26.61,78.57,1.42,1,ES,VITORIA
2023-12-25,0.00,35.05,40.82,2.65,0,MT,CUIABA
2023-12-25,3.40,26.28,69.00,0.76,0,GO,GOIANIA
2023-12-25,3.80,23.67,76.25,1.34,0,DF,BRASILIA
2023-12-25,0.00,29.28,64.75,1.82,0,ES,VITORIA
2023-12-25,0.00,28.15,73.75,1.39,0,BA,SALVADOR
2023-12-25,0.00,28.45,66.00,0.44,0,SC,FLORIANOPOLIS
2023-12-31,4.80,20.99,82.54,7.12,0,MG,BELO HORIZONTE - CERCADINHO
2023-12-31,0.00,22.68,67.04,0.25,0,SC,FLORIANOPOLIS
2023-12-31,7.80,25.50,75.38,1.77,0,ES,VITORIA
2023-12-31,21.60,22.02,80.88,2.25,0,DF,BRASILIA
2023-12-31,0.00,27.56,75.25,1.28,0,BA,SALVADOR
2023-12-31,53.40,24.45,77.71,0.82,0,GO,GOIANIA
2023-12-31,4.40,23.65,80.71,0.81,0,RJ,RIO DE JANEIRO - VILA MILITAR
2023-12-31,0.00,33.03,47.86,2.60,0,MT,CUIABA
2024-01-04,80.00,24.58,86.79,1.73,1,RJ,RIO DE JANEIRO - VILA MILITAR
2024-01-09,0.00,28.31,74.17,1.14,0,BA,SALVADOR
2024-01-09,0.20,28.12,75.71,0.79,0,SC,FLORIANOPOLIS
2024-01-09,0.20,24.98,73.42,0.92,0,GO,GOIANIA
2024-01-09,0.00,29.65,60.32,1.95,0,MT,CUIABA
2024-01-09,0.00,28.55,70.75,1.44,0,ES,VITORIA
2024-01-09,12.80,21.58,83.46,2.42,0,DF,BRASILIA
2024-01-10,0.00,22.61,67.67,3.46,0,MG,BELO HORIZONTE - CERCADINHO
2024-01-10,0.00,29.87,70.62,0.98,0,RJ,RIO DE JANEIRO - VILA MILITAR
2024-01-11,59.50,25.60,80.30,1.30,1,SP,Sao Paulo
2024-01-13,45.20,26.30,89.42,1.18,1,RJ,RIO DE JANEIRO - VILA MILITAR
2024-01-15,0.00,28.98,74.62,1.21,0,RJ,RIO DE JANEIRO - VILA MILITAR
2024-01-15,28.40,21.08,73.62,3.20,0,MG,BELO HORIZONTE - CERCADINHO
2024-01-15,0.00,29.00,62.12,2.09,1,ES,VITORIA
2024-01-17,0.00,32.13,64.00,1.25,0,RJ,RIO DE JANEIRO - VILA MILITAR
2024-01-17,0.40,24.58,64.38,4.40,0,MG,BELO HORIZONTE - CERCADINHO
2024-01-18,72.40,24.20,83.70,1.60,1,SP,Sao Paulo
2024-01-18,74.73,24.81,82.01,1.52,1,SP,Sao Paulo
2024-01-20,67.57,26.76,65.79,0.95,1,GO,GOIANIA
2024-01-21,7.00,23.79,73.17,2.05,0,DF,BRASILIA
2024-01-21,33.00,26.32,76.92,1.53,0,ES,VITORIA
2024-01-21,8.20,24.08,83.08,1.19,0,SC,FLORIANOPOLIS
2024-01-21,0.00,31.44,55.18,2.04,0,MT,CUIABA
2024-01-21,0.00,28.93,73.33,1.70,0,BA,SALVADOR
2024-01-21,1.40,25.38,73.79,0.66,0,GO,GOIANIA
2024-01-28,0.00,25.98,68.92,0.99,0,GO,GOIANIA
2024-01-28,0.00,30.38,39.75,1.58,0,MT,CUIABA
2024-01-28,4.80,25.86,86.33,1.10,0,ES,VITORIA
2024-01-28,1.40,21.83,87.08,2.52,0,DF,BRASILIA
2024-01-28,0.00,27.70,83.12,1.26,0,BA,SALVADOR
2024-01-28,5.00,23.44,78.46,0.38,0,SC,FLORIANOPOLIS
2024-01-29,18.40,30.76,52.60,2.48,0,MT,CUIABA
2024-01-29,5.00,23.16,78.79,0.09,0,SC,FLORIANOPOLIS
2024-01-29,0.00,22.22,81.04,2.34,0,DF,BRASILIA
2024-01-29,14.80,27.62,78.25,1.52,0,ES,VITORIA
2024-01-29,0.00,25.81,66.83,1.23,0,GO,GOIANIA
2024-01-29,0.00,28.33,76.12,1.35,0,BA,SALVADOR
2024-01-30,0.00,24.24,78.75,0.37,0,SC,FLORIANOPOLIS
2024-01-30,0.00,30.00,58.74,1.56,0,MT,CUIABA
2024-01-30,15.20,22.75,80.12,1.58,0,DF,BRASILIA
2024-01-30,0.00,25.29,66.46,0.60,0,GO,GOIANIA
2024-01-30,0.40,26.95,81.00,1.21,0,ES,VITORIA
2024-01-30,0.00,27.70,76.71,1.19,0,BA,SALVADOR
2024-02-04,0.00,24.09,84.57,1.41,1,SP,Sao Paulo
2024-02-05,0.00,27.01,79.00,0.25,0,SC,FLORIANOPOLIS
2024-02-05,0.00,27.17,75.67,1.40,0,ES,VITORIA
2024-02-05,19.40,23.70,76.88,1.19,0,GO,GOIANIA
2024-02-05,9.80,27.77,82.46,1.08,0,BA,SALVADOR
2024-02-05,8.60,26.86,75.77,1.19,0,MT,CUIABA
2024-02-05,0.60,22.02,81.46,1.81,0,DF,BRASILIA
2024-02-08,0.00,28.44,70.67,0.52,0,SC,FLORIANOPOLIS
2024-02-08,10.20,22.13,83.08,1.69,0,DF,BRASILIA
2024-02-08,36.80,27.44,83.88,1.05,0,BA,SALVADOR
2024-02-08,50.20,24.94,77.50,1.03,0,GO,GOIANIA
2024-02-08,0.40,28.66,68.20,1.23,0,MT,CUIABA
2024-02-08,0.00,27.35,77.46,1.12,0,ES,VITORIA
2024-02-13,0.00,30.36,62.67,1.21,0,RJ,RIO DE JANEIRO - VILA MILITAR
2024-02-13,0.00,23.53,60.54,3.87,0,MG,BELO HORIZONTE - CERCADINHO
2024-02-14,89.60,22.50,86.80,1.60,1,SP,Sao Paulo
2024-02-15,59.20,24.89,92.70,0.59,0,RJ,RIO DE JANEIRO - VILA MILITAR
2024-02-15,15.00,21.48,69.46,3.23,0,MG,BELO HORIZONTE - CERCADINHO
2024-02-16,1.00,25.40,82.75,1.88,0,RJ,RIO DE JANEIRO - VILA MILITAR
2024-02-16,1.20,20.54,83.75,3.41,0,MG,BELO HORIZONTE - CERCADINHO
2024-02-17,6.60,28.97,68.57,1.42,0,MT,CUIABA
2024-02-17,0.60,24.76,80.48,0.03,0,SC,FLORIANOPOLIS
2024-02-17,0.20,26.81,78.75,1.25,0,ES,VITORIA
2024-02-17,9.20,21.49,85.62,2.09,0,DF,BRASILIA
2024-02-17,0.00,28.52,79.38,1.45,0,BA,SALVADOR
2024-02-17,2.20,24.21,79.75,0.56,0,GO,GOIANIA
2024-02-19,0.00,27.73,68.95,2.09,0,MT,CUIABA
2024-02-19,5.60,24.57,77.08,0.93,0,GO,GOIANIA
2024-02-19,0.00,26.03,75.57,0.52,0,SC,FLORIANOPOLIS
2024-02-19,42.60,26.53,86.17,0.92,0,ES,VITORIA
2024-02-19,0.80,21.28,86.75,2.56,0,DF,BRASILIA
2024-02-19,0.00,27.98,84.08,1.08,0,BA,SALVADOR
2024-02-20,93.10,22.80,88.50,1.40,1,SP,Sao Paulo
2024-02-25,0.00,23.30,73.50,2.45,0,DF,BRASILIA
2024-02-25,0.00,23.32,72.88,3.75,0,MG,BELO HORIZONTE - CERCADINHO
2024-02-25,6.80,24.92,72.46,1.02,0,GO,GOIANIA
2024-02-25,0.00,28.37,79.58,1.12,0,RJ,RIO DE JANEIRO - VILA MILITAR
2024-02-25,0.00,30.69,58.71,1.37,0,MT,CUIABA
2024-02-25,0.00,27.11,76.67,1.25,0,ES,VITORIA
2024-02-25,0.20,27.78,78.62,1.18,0,BA,SALVADOR
2024-02-25,2.00,26.70,80.50,0.50,0,SC,FLORIANOPOLIS
2024-02-27,184.70,19.92,90.43,1.46,1,SP,Sao Paulo
2024-02-28,0.00,24.37,57.00,2.46,0,MG,BELO HORIZONTE - CERCADINHO
2024-02-28,0.00,29.14,76.33,1.25,0,RJ,RIO DE JANEIRO - VILA MILITAR
2024-03-01,0.00,28.00,79.52,1.17,0,ES,VITORIA
2024-03-01,0.00,28.61,78.79,0.95,0,BA,SALVADOR
2024-03-01,27.00,29.94,60.85,1.35,0,MT,CUIABA
2024-03-01,0.00,23.96,74.88,1.63,0,DF,BRASILIA
2024-03-01,1.80,26.50,79.96,0.23,0,SC,FLORIANOPOLIS
2024-03-01,0.00,27.03,67.54,0.72,0,GO,GOIANIA
2024-03-03,0.00,26.10,67.90,1.10,0,SP,Sao Paulo
2024-03-04,0.00,27.40,62.30,1.30,0,SP,Sao Paulo
2024-03-05,6.80,21.49,85.04,2.06,1,SC,FLORIANOPOLIS
2024-03-05,0.00,28.20,60.80,1.50,0,SP,Sao Paulo
2024-03-06,1.20,28.00,59.40,1.70,0,SP,Sao Paulo
2024-03-07,2.00,24.61,80.83,0.49,0,GO,GOIANIA
2024-03-07,7.20,23.18,78.33,1.98,0,DF,BRASILIA
2024-03-07,5.40,26.70,66.10,1.40,0,SP,Sao Paulo
2024-03-07,4.20,28.39,82.00,0.97,0,BA,SALVADOR
2024-03-07,0.00,26.47,66.17,0.02,0,SC,FLORIANOPOLIS
2024-03-07,5.20,29.36,67.55,1.35,0,MT,CUIABA
2024-03-07,0.00,28.73,70.00,1.76,0,ES,VITORIA
2024-03-08,0.00,25.90,74.04,0.83,0,GO,GOIANIA
2024-03-08,10.00,23.98,84.20,0.00,0,SC,FLORIANOPOLIS
2024-03-08,0.00,28.94,75.25,1.09,0,BA,SALVADOR
2024-03-08,0.20,28.73,71.71,2.03,0,ES,VITORIA
2024-03-08,0.00,24.62,69.88,2.00,0,DF,BRASILIA
2024-03-08,0.40,27.96,71.10,1.65,0,MT,CUIABA
2024-03-09,0.00,31.89,61.09,0.88,0,SP,Sao Paulo
2024-03-10,49.60,22.30,86.80,1.10,1,SP,Sao Paulo
2024-03-12,0.00,23.11,73.25,6.61,1,MG,BELO HORIZONTE - CERCADINHO
2024-03-12,0.00,25.50,69.80,1.40,0,SP,Sao Paulo
2024-03-13,0.00,24.80,78.00,0.80,0,SP,Sao Paulo
2024-03-13,0.00,27.15,67.89,0.42,0,SP,Sao Paulo
2024-03-14,0.00,27.30,65.50,0.50,0,SP,Sao Paulo
2024-03-15,0.00,28.20,59.80,1.10,0,SP,Sao Paulo
2024-03-15,0.00,24.37,63.46,3.82,0,MG,BELO HORIZONTE - CERCADINHO
2024-03-15,0.00,31.14,58.11,2.26,1,ES,VITORIA
2024-03-15,0.00,28.80,74.96,0.75,0,RJ,RIO DE JANEIRO - VILA MILITAR
2024-03-16,0.00,28.90,60.00,1.60,0,SP,Sao Paulo
2024-03-17,0.00,28.00,66.80,1.40,0,SP,Sao Paulo
2024-03-18,63.50,23.40,79.50,1.70,1,SP,Sao Paulo
2024-03-19,67.00,25.30,83.80,1.10,1,SP,Sao Paulo
2024-03-20,71.00,21.70,85.30,1.30,1,SP,Sao Paulo
2024-03-22,0.00,25.20,71.80,1.40,0,SP,Sao Paulo
2024-03-22,65.00,25.58,89.21,2.04,1,RJ,RIO DE JANEIRO - VILA MILITAR
2024-03-23,26.40,37.09,84.21,10.58,1,MG,BELO HORIZONTE - CERCADINHO
2024-03-24,19.20,22.40,95.21,2.21,0,RJ,RIO DE JANEIRO - VILA MILITAR
2024-03-24,1.20,27.50,74.90,1.10,1,MT,CUIABA
2024-03-24,2.60,20.43,76.04,8.32,0,MG,BELO HORIZONTE - CERCADINHO
2024-03-24,0.00,26.90,63.50,1.70,0,SP,Sao Paulo
2024-03-25,0.00,27.10,64.20,1.30,0,SP,Sao Paulo
2024-03-25,0.00,28.41,58.68,1.09,0,SP,Sao Paulo
2024-03-26,0.00,24.95,82.14,0.34,0,SP,Sao Paulo
2024-03-27,10.80,25.60,76.40,1.10,1,SP,Sao Paulo
2024-03-28,6.00,20.10,93.50,0.80,0,SP,Sao Paulo
2024-03-28,185.47,25.72,64.53,0.72,1,SC,FLORIANOPOLIS
2024-03-28,4.00,23.64,93.38,0.43,0,RJ,RIO DE JANEIRO - VILA MILITAR
2024-03-28,0.40,20.23,82.46,7.43,0,MG,BELO HORIZONTE - CERCADINHO
2024-03-28,0.00,26.06,63.48,1.43,0,SP,Sao Paulo
2024-03-29,13.50,22.50,83.80,0.80,0,SP,Sao Paulo
2024-03-29,0.20,22.26,71.38,4.62,0,MG,BELO HORIZONTE - CERCADINHO
2024-03-29,0.20,24.88,88.79,0.56,0,RJ,RIO DE JANEIRO - VILA MILITAR
2024-03-30,0.00,33.75,47.00,2.20,1,ES,VITORIA
2024-03-31,0.00,23.75,75.22,1.69,0,SP,Sao Paulo
2024-03-31,15.92,22.89,78.45,0.08,0,SP,Sao Paulo
2024-03-31,87.26,23.27,88.18,21.79,1,SP,Sao Paulo
2024-04-01,0.00,28.43,79.08,1.00,0,BA,SALVADOR
2024-04-01,0.00,25.55,77.67,0.45,0,GO,GOIANIA
2024-04-01,0.00,26.23,72.08,0.11,0,SC,FLORIANOPOLIS
2024-04-01,0.00,24.75,80.12,0.80,0,RJ,RIO DE JANEIRO - VILA MILITAR
2024-04-01,0.00,21.95,67.88,6.25,0,MG,BELO HORIZONTE - CERCADINHO
2024-04-01,0.00,23.20,80.29,1.67,0,DF,BRASILIA
2024-04-01,0.00,29.51,54.25,2.08,0,ES,VITORIA
2024-04-01,0.00,30.09,64.96,1.28,0,MT,CUIABA
2024-04-02,0.00,25.30,73.60,1.40,0,SP,Sao Paulo
2024-04-02,0.00,29.69,60.40,2.09,1,ES,VITORIA
2024-04-04,0.00,29.20,66.77,1.01,0,SP,Sao Paulo
2024-04-06,0.00,24.30,72.40,1.20,0,SP,Sao Paulo
2024-04-07,0.00,23.12,78.60,0.22,0,SC,FLORIANOPOLIS
2024-04-07,9.60,25.74,75.46,0.75,0,GO,GOIANIA
2024-04-07,0.00,30.34,59.71,1.97,0,MT,CUIABA
2024-04-07,0.00,28.79,52.89,1.92,0,ES,VITORIA
2024-04-07,0.00,22.13,83.42,2.07,0,DF,BRASILIA
2024-04-07,25.20,25.71,91.29,1.53,0,BA,SALVADOR
2024-04-07,1.60,22.90,80.10,1.80,0,SP,Sao Paulo
2024-04-08,4.80,21.70,83.90,1.30,1,SP,Sao Paulo
2024-04-10,57.19,22.25,89.60,1.02,1,SP,Sao Paulo
2024-04-10,3.31,21.41,85.78,2.25,0,SP,Sao Paulo
2024-04-10,0.00,25.62,79.67,0.80,0,RJ,RIO DE JANEIRO - VILA MILITAR
2024-04-10,0.00,21.97,69.79,4.37,0,MG,BELO HORIZONTE - CERCADINHO
2024-04-11,0.00,24.70,76.22,0.63,0,SC,FLORIANOPOLIS
2024-04-11,21.20,27.02,88.42,0.74,0,BA,SALVADOR
2024-04-11,5.00,24.69,78.12,0.52,0,GO,GOIANIA
2024-04-11,0.00,27.71,53.69,2.77,0,SP,Sao Paulo
2024-04-11,13.40,20.68,92.42,1.32,0,DF,BRASILIA
2024-04-11,0.00,22.66,68.46,5.46,0,MG,BELO HORIZONTE - CERCADINHO
2024-04-11,3.20,27.35,74.12,1.37,0,MT,CUIABA
2024-04-11,0.00,26.30,82.21,1.09,0,RJ,RIO DE JANEIRO - VILA MILITAR
2024-04-11,0.00,30.66,58.43,1.87,0,ES,VITORIA
2024-04-14,0.00,25.70,76.67,1.09,0,RJ,RIO DE JANEIRO - VILA MILITAR
2024-04-14,0.00,20.87,70.42,5.78,0,MG,BELO HORIZONTE - CERCADINHO
2024-04-15,62.37,23.10,86.93,0.48,1,SP,Sao Paulo
2024-04-17,0.00,23.43,74.67,2.68,1,DF,BRASILIA
2024-04-18,3.76,27.49,63.07,2.09,0,SP,Sao Paulo
2024-04-19,5.40,21.10,77.30,1.70,0,SP,Sao Paulo
2024-04-20,2.09,25.54,66.08,1.45,0,SP,Sao Paulo
2024-04-20,0.00,23.32,73.71,2.76,1,DF,BRASILIA
2024-04-21,1.97,26.18,92.86,1.58,0,SP,Sao Paulo
2024-04-22,0.00,23.50,78.98,1.52,1,SP,Sao Paulo
2024-04-23,0.00,24.40,67.30,1.20,0,SP,Sao Paulo
2024-04-23,0.00,24.70,74.29,0.47,0,RJ,RIO DE JANEIRO - VILA MILITAR
2024-04-23,15.79,28.75,65.57,0.47,0,SP,Sao Paulo
2024-04-23,0.00,21.97,67.88,3.38,0,MG,BELO HORIZONTE - CERCADINHO
2024-04-24,0.00,22.39,64.08,3.34,0,MG,BELO HORIZONTE - CERCADINHO
2024-04-24,0.00,26.01,70.62,0.73,0,RJ,RIO DE JANEIRO - VILA MILITAR
2024-04-25,0.00,25.72,79.83,1.58,0,RJ,RIO DE JANEIRO - VILA MILITAR
2024-04-25,0.00,22.44,64.42,5.00,0,MG,BELO HORIZONTE - CERCADINHO
2024-04-26,0.00,24.03,76.14,0.56,0,SC,FLORIANOPOLIS
2024-04-26,0.00,25.80,63.79,1.14,0,GO,GOIANIA
2024-04-26,0.00,23.17,69.38,2.61,0,DF,BRASILIA
2024-04-26,0.00,30.68,55.12,1.23,0,MT,CUIABA
2024-04-26,6.60,26.77,89.04,0.87,0,BA,SALVADOR
2024-04-26,7.67,27.15,67.07,0.00,0,SP,Sao Paulo
2024-04-26,0.00,,,,0,ES,VITORIA
2024-04-28,2.10,23.70,74.80,1.60,0,SP,Sao Paulo
2024-04-29,0.00,25.58,62.83,0.73,0,GO,GOIANIA
2024-04-29,0.00,24.09,79.78,0.32,0,SC,FLORIANOPOLIS
2024-04-29,0.00,30.43,60.83,1.34,0,MT,CUIABA
2024-04-29,0.00,,,,0,ES,VITORIA
2024-04-29,0.00,23.56,67.21,2.18,0,DF,BRASILIA
2024-04-29,0.00,27.03,85.79,0.86,0,BA,SALVADOR
2024-04-30,0.00,26.39,67.11,1.30,0,SP,Sao Paulo
2024-05-01,52.92,25.11,84.77,1.84,1,SP,Sao Paulo
2024-05-02,0.00,22.50,70.10,1.50,0,SP,Sao Paulo
2024-05-02,2.39,21.25,80.56,2.11,0,SP,Sao Paulo
2024-05-03,0.00,22.92,54.33,4.29,0,MG,BELO HORIZONTE - CERCADINHO
2024-05-03,0.00,26.66,72.83,1.29,0,RJ,RIO DE JANEIRO - VILA MILITAR
2024-05-05,0.00,21.20,68.40,1.30,0,SP,Sao Paulo
2024-05-06,0.00,30.02,51.75,2.38,1,ES,VITORIA
2024-05-06,0.00,19.38,76.83,6.65,0,MG,BELO HORIZONTE - CERCADINHO
2024-05-06,5.43,27.41,80.40,1.27,0,SP,Sao Paulo
2024-05-06,0.00,25.46,75.38,0.71,0,RJ,RIO DE JANEIRO - VILA MILITAR
2024-05-07,0.00,19.90,71.30,1.20,0,SP,Sao Paulo
2024-05-10,8.20,17.70,83.20,1.40,1,SP,Sao Paulo
2024-05-11,0.00,18.40,76.40,1.50,0,SP,Sao Paulo
2024-05-13,79.23,22.83,78.41,0.99,1,SP,Sao Paulo
2024-05-15,0.00,20.80,72.10,1.20,0,SP,Sao Paulo
2024-05-15,7.38,27.59,75.25,0.85,0,SP,Sao Paulo
2024-05-16,0.00,21.40,68.90,1.10,0,SP,Sao Paulo
2024-05-17,0.00,21.00,62.62,3.66,0,MG,BELO HORIZONTE - CERCADINHO
2024-05-17,0.00,26.29,72.46,0.41,0,RJ,RIO DE JANEIRO - VILA MILITAR
2024-05-17,0.00,20.92,72.33,0.80,0,SP,Sao Paulo
2024-05-18,0.00,16.32,83.61,1.39,1,SP,Sao Paulo
2024-05-23,0.00,21.30,68.10,1.60,0,SP,Sao Paulo
2024-05-23,3.64,20.85,88.67,1.45,1,SP,Sao Paulo
2024-05-25,1.34,20.54,89.21,1.62,0,SP,Sao Paulo
2024-05-25,10.57,19.61,67.22,1.67,0,SP,Sao Paulo
2024-05-26,0.00,21.37,78.59,1.19,0,SP,Sao Paulo
2024-05-26,6.12,22.52,60.04,1.87,0,SP,Sao Paulo
2024-05-26,11.60,15.60,90.80,1.60,0,SP,Sao Paulo
2024-05-27,42.50,17.10,94.30,0.50,0,SP,Sao Paulo
2024-05-28,6.30,18.80,81.30,1.30,0,SP,Sao Paulo
2024-05-28,42.25,16.93,71.12,24.62,1,MT,CUIABA
2024-05-29,4.70,19.30,79.60,1.50,0,SP,Sao Paulo
2024-05-30,0.20,20.36,68.33,0.82,0,GO,GOIANIA
2024-05-30,0.00,21.74,65.43,0.84,0,MT,CUIABA
2024-05-30,0.00,19.27,60.50,0.00,0,SC,FLORIANOPOLIS
2024-05-30,0.00,,,,0,ES,VITORIA
2024-05-30,0.00,20.10,72.80,1.60,0,SP,Sao Paulo
2024-05-30,10.40,25.17,84.88,0.98,0,BA,SALVADOR
2024-05-30,0.00,19.60,72.52,1.79,0,DF,BRASILIA
2024-05-31,0.00,19.48,64.67,2.09,1,DF,BRASILIA
2024-05-31,0.00,15.61,93.21,1.38,0,SP,Sao Paulo
2024-06-01,0.00,16.70,78.30,1.20,0,SP,Sao Paulo
2024-06-02,17.00,25.58,85.42,1.51,1,BA,SALVADOR
2024-06-03,0.00,18.50,72.40,1.10,0,SP,Sao Paulo
2024-06-03,0.00,21.77,76.12,0.30,0,RJ,RIO DE JANEIRO - VILA MILITAR
2024-06-03,0.00,18.24,61.75,4.53,0,MG,BELO HORIZONTE - CERCADINHO
2024-06-04,3.44,20.61,68.87,1.51,0,SP,Sao Paulo
2024-06-05,4.30,16.90,80.10,1.40,0,SP,Sao Paulo
2024-06-06,11.00,16.50,84.20,1.20,1,SP,Sao Paulo
2024-06-07,0.00,17.40,78.60,1.50,0,SP,Sao Paulo
2024-06-08,0.00,18.20,76.50,1.20,0,SP,Sao Paulo
2024-06-09,0.00,22.11,82.88,0.38,0,RJ,RIO DE JANEIRO - VILA MILITAR
2024-06-09,0.00,17.71,68.38,5.96,0,MG,BELO HORIZONTE - CERCADINHO
2024-06-09,0.00,18.50,74.70,1.10,0,SP,Sao Paulo
2024-06-10,0.00,19.91,65.83,1.97,0,DF,BRASILIA
2024-06-10,0.00,28.31,43.04,1.23,0,MT,CUIABA
2024-06-10,5.40,25.86,80.00,1.00,0,BA,SALVADOR
2024-06-10,0.00,,,,0,ES,VITORIA
2024-06-10,0.00,28.40,51.11,0.21,0,SC,FLORIANOPOLIS
2024-06-10,0.00,22.00,56.96,0.61,0,GO,GOIANIA
2024-06-10,16.61,16.95,78.94,1.20,0,SP,Sao Paulo
2024-06-11,2.70,17.10,79.80,1.40,0,SP,Sao Paulo
2024-06-12,0.00,21.12,78.83,0.48,0,RJ,RIO DE JANEIRO - VILA MILITAR
2024-06-12,0.00,23.64,65.72,1.51,0,SP,Sao Paulo
2024-06-12,5.60,15.90,83.20,1.30,1,SP,Sao Paulo
2024-06-12,0.00,18.77,56.75,6.25,0,MG,BELO HORIZONTE - CERCADINHO
2024-06-14,0.00,20.62,61.58,2.59,1,DF,BRASILIA
2024-06-14,0.00,16.40,77.90,1.50,0,SP,Sao Paulo
2024-06-14,0.00,29.74,34.21,2.11,1,MT,CUIABA
2024-06-15,0.00,19.28,71.44,1.26,0,SP,Sao Paulo
2024-06-15,0.00,18.08,57.25,4.25,0,MG,BELO HORIZONTE - CERCADINHO
2024-06-15,0.00,17.30,74.10,1.40,0,SP,Sao Paulo
2024-06-15,0.00,22.16,69.12,0.83,0,RJ,RIO DE JANEIRO - VILA MILITAR
2024-06-16,0.00,17.80,72.30,1.20,0,SP,Sao Paulo
2024-06-18,0.00,19.86,52.67,2.27,0,DF,BRASILIA
2024-06-18,0.00,21.11,52.71,0.55,0,GO,GOIANIA
2024-06-18,13.80,24.57,87.46,0.87,0,BA,SALVADOR
2024-06-18,0.00,,,,0,ES,VITORIA
2024-06-18,0.00,24.06,72.40,0.08,0,SC,FLORIANOPOLIS
2024-06-18,0.00,29.06,36.25,1.85,0,MT,CUIABA
2024-06-19,16.50,15.10,90.40,1.00,1,SP,Sao Paulo
2024-06-20,0.00,16.90,79.70,1.30,0,SP,Sao Paulo
2024-06-21,0.00,27.98,41.12,1.45,0,MT,CUIABA
2024-06-21,0.00,28.64,46.40,2.18,0,ES,VITORIA
2024-06-21,0.00,19.05,64.42,2.25,0,DF,BRASILIA
2024-06-21,3.24,20.72,87.97,1.56,0,SP,Sao Paulo
2024-06-21,0.00,20.38,85.54,0.02,0,SC,FLORIANOPOLIS
2024-06-21,0.00,23.21,49.50,1.28,0,GO,GOIANIA
2024-06-21,5.60,24.87,76.50,1.06,0,BA,SALVADOR
2024-06-21,0.00,17.60,75.50,1.40,0,SP,Sao Paulo
2024-06-22,0.00,18.20,70.30,1.30,0,SP,Sao Paulo
2024-06-23,0.00,18.32,67.42,4.11,0,MG,BELO HORIZONTE - CERCADINHO
2024-06-23,0.00,23.28,68.46,0.91,0,RJ,RIO DE JANEIRO - VILA MILITAR
2024-06-23,0.00,19.40,68.80,1.40,0,SP,Sao Paulo
2024-06-23,0.00,19.63,62.76,1.84,0,SP,Sao Paulo
2024-06-24,0.00,19.90,65.50,1.10,0,SP,Sao Paulo
2024-06-24,0.00,19.67,61.17,1.10,1,DF,BRASILIA
2024-06-24,0.00,24.22,66.54,0.76,0,RJ,RIO DE JANEIRO - VILA MILITAR
2024-06-24,0.20,19.45,66.67,3.78,0,MG,BELO HORIZONTE - CERCADINHO
2024-06-25,0.00,20.27,53.38,1.89,0,DF,BRASILIA
2024-06-25,12.20,23.45,93.12,0.69,0,BA,SALVADOR
2024-06-25,0.00,20.50,63.10,1.30,0,SP,Sao Paulo
2024-06-25,0.00,,,,0,ES,VITORIA
2024-06-25,7.80,16.00,70.71,0.84,0,SC,FLORIANOPOLIS
2024-06-25,25.25,16.75,93.18,0.57,0,SP,Sao Paulo
2024-06-25,0.00,28.72,44.21,0.97,0,MT,CUIABA
2024-06-25,0.00,22.48,54.12,0.55,0,GO,GOIANIA
2024-06-26,0.00,20.00,53.29,1.60,0,DF,BRASILIA
2024-06-26,18.40,16.07,85.46,0.40,0,SC,FLORIANOPOLIS
2024-06-26,0.00,21.89,55.29,0.40,0,GO,GOIANIA
2024-06-26,7.20,24.55,84.25,0.62,0,BA,SALVADOR
2024-06-26,6.20,18.20,78.50,1.50,0,SP,Sao Paulo
2024-06-26,0.00,28.05,60.50,1.95,0,ES,VITORIA
2024-06-26,14.01,19.64,85.04,1.39,0,SP,Sao Paulo
2024-06-26,0.00,28.13,48.88,1.23,0,MT,CUIABA
2024-06-27,9.60,17.80,82.90,1.20,1,SP,Sao Paulo
2024-06-28,0.00,29.93,50.33,2.17,1,ES,VITORIA
2024-06-28,0.00,18.50,77.60,1.10,0,SP,Sao Paulo
2024-06-28,3.31,18.78,68.82,1.51,0,SP,Sao Paulo
2024-06-29,0.00,25.06,68.96,1.88,0,RJ,RIO DE JANEIRO - VILA MILITAR
2024-06-29,0.00,22.60,66.24,1.22,0,SP,Sao Paulo
2024-06-29,0.00,19.30,74.20,1.40,0,SP,Sao Paulo
2024-06-29,0.00,21.98,37.00,2.32,0,MG,BELO HORIZONTE - CERCADINHO
2024-06-30,0.00,20.98,57.75,0.48,0,GO,GOIANIA
2024-06-30,0.00,21.77,57.12,1.96,0,MT,CUIABA
2024-06-30,0.00,26.70,59.50,2.28,0,ES,VITORIA
2024-06-30,2.50,18.10,79.70,1.30,0,SP,Sao Paulo
2024-06-30,0.00,24.46,81.46,0.88,0,BA,SALVADOR
2024-06-30,0.00,19.43,50.57,1.36,0,DF,BRASILIA
2024-06-30,0.00,11.26,67.38,0.06,0,SC,FLORIANOPOLIS
2024-07-01,0.00,19.10,64.75,6.18,0,MG,BELO HORIZONTE - CERCADINHO
2024-07-01,19.60,18.18,90.50,0.29,0,RJ,RIO DE JANEIRO - VILA MILITAR
2024-07-01,0.00,17.30,76.50,1.20,0,SP,Sao Paulo
2024-07-02,0.00,18.00,70.12,6.69,1,MG,BELO HORIZONTE - CERCADINHO
2024-07-02,0.00,17.60,72.80,1.10,0,SP,Sao Paulo
2024-07-03,0.00,22.21,49.29,1.32,1,GO,GOIANIA
2024-07-03,0.00,18.10,70.40,1.30,0,SP,Sao Paulo
2024-07-04,0.00,24.35,70.75,0.32,0,RJ,RIO DE JANEIRO - VILA MILITAR
2024-07-04,0.00,18.51,56.00,4.74,0,MG,BELO HORIZONTE - CERCADINHO
2024-07-04,0.00,18.70,68.90,1.20,0,SP,Sao Paulo
2024-07-05,0.00,19.36,58.00,2.14,0,DF,BRASILIA
2024-07-05,0.00,,,,0,ES,VITORIA
2024-07-05,1.60,25.00,80.29,1.31,0,BA,SALVADOR
2024-07-05,0.00,22.58,77.46,0.32,0,RJ,RIO DE JANEIRO - VILA MILITAR
2024-07-05,0.00,17.35,82.71,1.48,0,SC,FLORIANOPOLIS
2024-07-05,0.00,18.65,50.38,4.63,0,MG,BELO HORIZONTE - CERCADINHO
2024-07-05,0.00,21.33,52.92,0.82,0,GO,GOIANIA
2024-07-05,0.00,28.56,36.92,1.07,0,MT,CUIABA
2024-07-05,0.00,20.88,59.50,1.41,0,SP,Sao Paulo
2024-07-07,0.00,18.92,57.58,4.58,0,MG,BELO HORIZONTE - CERCADINHO
2024-07-07,0.00,28.20,51.00,2.35,1,ES,VITORIA
2024-07-07,15.38,20.40,74.93,1.98,0,SP,Sao Paulo
2024-07-07,0.00,21.60,78.88,0.80,0,RJ,RIO DE JANEIRO - VILA MILITAR
2024-07-08,0.00,20.25,55.21,2.92,0,MG,BELO HORIZONTE - CERCADINHO
2024-07-08,0.00,21.03,83.75,1.27,0,RJ,RIO DE JANEIRO - VILA MILITAR
2024-07-09,25.80,14.40,96.80,0.30,0,SP,Sao Paulo
2024-07-09,6.21,17.67,80.55,1.21,1,SP,Sao Paulo
2024-07-10,36.90,17.90,92.00,0.50,0,SP,Sao Paulo
2024-07-11,3.61,15.83,75.74,0.69,0,SP,Sao Paulo
2024-07-14,15.65,17.61,73.13,1.71,0,SP,Sao Paulo
2024-07-15,0.00,15.54,79.68,1.84,0,SP,Sao Paulo
2024-07-17,10.04,16.28,75.03,0.99,0,SP,Sao Paulo
2024-07-17,0.92,17.27,86.43,0.76,0,SP,Sao Paulo
2024-07-18,0.00,19.83,50.91,2.44,0,DF,BRASILIA
2024-07-18,0.00,16.99,80.75,1.63,0,SC,FLORIANOPOLIS
2024-07-18,0.00,25.97,44.25,0.73,0,MT,CUIABA
2024-07-18,4.20,24.46,78.21,1.19,0,BA,SALVADOR
2024-07-18,0.00,20.92,52.58,0.84,0,GO,GOIANIA
2024-07-18,0.00,,,,0,ES,VITORIA
2024-07-19,0.00,20.75,76.22,1.89,0,SP,Sao Paulo
2024-07-19,3.57,18.53,81.09,0.79,0,SP,Sao Paulo
2024-07-20,0.00,21.08,48.33,1.33,1,GO,GOIANIA
2024-07-20,0.00,14.29,72.91,1.61,0,SP,Sao Paulo
2024-07-22,0.00,27.35,51.00,2.45,1,ES,VITORIA
2024-07-26,0.00,22.06,73.12,2.15,0,SP,Sao Paulo
2024-07-26,44.27,16.28,86.37,1.35,1,SP,Sao Paulo
2024-07-29,0.00,22.64,51.67,0.42,0,GO,GOIANIA
2024-07-29,10.80,17.73,83.58,1.89,0,SC,FLORIANOPOLIS
2024-07-29,0.20,25.06,82.67,0.78,0,BA,SALVADOR
2024-07-29,0.00,29.90,46.00,2.92,0,ES,VITORIA
2024-07-29,0.00,28.75,34.96,1.01,0,MT,CUIABA
2024-07-29,0.00,16.92,67.77,1.80,0,SP,Sao Paulo
2024-07-29,0.00,20.64,51.79,1.75,0,DF,BRASILIA
2024-07-30,0.00,20.08,48.88,4.74,0,MG,BELO HORIZONTE - CERCADINHO
2024-07-30,8.40,19.78,85.62,1.40,0,RJ,RIO DE JANEIRO - VILA MILITAR
2024-07-31,0.00,24.85,63.50,2.05,1,ES,VITORIA
2024-07-31,0.00,16.22,76.73,1.04,0,SP,Sao Paulo
2024-07-31,0.00,16.85,70.08,8.90,0,MG,BELO HORIZONTE - CERCADINHO
2024-07-31,2.40,20.68,82.04,1.06,0,RJ,RIO DE JANEIRO - VILA MILITAR
2024-07-31,0.00,21.42,43.04,2.87,1,DF,BRASILIA
2024-07-31,3.62,18.15,68.99,2.25,0,SP,Sao Paulo
2024-07-31,14.06,17.29,83.50,2.05,0,SP,Sao Paulo
2024-08-01,7.07,19.38,76.13,1.05,0,SP,Sao Paulo
2024-08-01,8.22,19.04,61.43,1.29,0,SP,Sao Paulo
2024-08-01,0.00,16.93,67.12,7.10,1,MG,BELO HORIZONTE - CERCADINHO
2024-08-01,6.61,19.54,79.63,1.24,1,SP,Sao Paulo
2024-08-04,0.00,24.56,37.71,1.71,1,GO,GOIANIA
2024-08-05,0.00,23.68,42.62,1.82,1,GO,GOIANIA
2024-08-05,10.05,15.54,94.66,0.50,1,SP,Sao Paulo
2024-08-06,0.00,24.90,68.33,0.87,0,RJ,RIO DE JANEIRO - VILA MILITAR
2024-08-06,0.00,18.85,60.38,6.33,0,MG,BELO HORIZONTE - CERCADINHO
2024-08-07,0.00,19.65,44.04,3.71,0,MG,BELO HORIZONTE - CERCADINHO
2024-08-07,0.00,24.43,62.42,0.95,0,RJ,RIO DE JANEIRO - VILA MILITAR
2024-08-08,10.83,17.55,90.52,1.33,0,SP,Sao Paulo
2024-08-10,30.80,17.88,90.29,2.20,1,RJ,RIO DE JANEIRO - VILA MILITAR
2024-08-10,43.80,11.30,86.00,0.50,0,SP,Sao Paulo
2024-08-11,0.00,16.27,62.92,5.74,0,MG,BELO HORIZONTE - CERCADINHO
2024-08-11,2.30,13.80,54.80,0.80,0,SP,Sao Paulo
2024-08-11,0.40,17.14,77.33,1.00,0,RJ,RIO DE JANEIRO - VILA MILITAR
2024-08-11,0.00,18.64,47.17,1.27,1,GO,GOIANIA
2024-08-13,0.00,17.73,75.56,1.51,0,SP,Sao Paulo
2024-08-14,0.00,23.70,55.50,2.08,1,ES,VITORIA
2024-08-15,0.00,18.91,72.82,1.70,0,SP,Sao Paulo
2024-08-15,20.18,12.28,100.37,1.02,0,SP,Sao Paulo
2024-08-16,0.00,22.98,76.29,0.51,0,RJ,RIO DE JANEIRO - VILA MILITAR
2024-08-16,0.00,17.77,78.67,3.08,1,SC,FLORIANOPOLIS
2024-08-16,0.00,21.30,45.88,5.27,0,MG,BELO HORIZONTE - CERCADINHO
2024-08-17,0.00,29.28,46.75,2.58,0,ES,VITORIA
2024-08-17,0.00,25.28,39.21,1.23,0,GO,GOIANIA
2024-08-17,26.77,17.27,94.37,0.00,0,SP,Sao Paulo
2024-08-17,1.60,24.05,80.12,1.48,0,BA,SALVADOR
2024-08-17,0.00,32.54,31.17,0.90,0,MT,CUIABA
2024-08-17,0.00,22.55,42.42,2.46,0,DF,BRASILIA
2024-08-17,0.00,18.04,88.33,1.70,0,SC,FLORIANOPOLIS
2024-08-18,0.00,24.20,80.42,1.12,0,BA,SALVADOR
2024-08-18,0.00,28.53,44.17,2.63,0,ES,VITORIA
2024-08-18,14.78,20.45,83.41,0.94,0,SP,Sao Paulo
2024-08-18,0.00,33.22,24.42,1.41,0,MT,CUIABA
2024-08-18,0.00,24.76,34.62,1.08,0,GO,GOIANIA
2024-08-18,0.00,17.44,89.67,0.80,0,SC,FLORIANOPOLIS
2024-08-18,0.00,21.92,36.42,2.32,0,DF,BRASILIA
2024-08-19,0.00,32.21,21.08,1.18,0,MT,CUIABA
2024-08-19,0.00,18.88,87.46,2.70,0,SC,FLORIANOPOLIS
2024-08-19,0.00,12.60,50.57,0.81,0,SP,Sao Paulo
2024-08-19,0.00,22.37,29.88,2.50,0,DF,BRASILIA
2024-08-19,0.00,23.88,36.04,0.70,0,GO,GOIANIA
2024-08-19,0.00,30.00,38.60,2.86,0,ES,VITORIA
2024-08-19,0.00,24.91,74.17,1.20,0,BA,SALVADOR
2024-08-22,0.00,17.57,61.30,0.92,0,SP,Sao Paulo
2024-08-23,0.00,25.72,74.38,1.05,0,BA,SALVADOR
2024-08-23,6.80,18.00,82.75,2.59,0,SC,FLORIANOPOLIS
2024-08-23,0.00,23.68,34.46,2.16,0,DF,BRASILIA
2024-08-23,0.00,25.45,65.46,2.05,0,ES,VITORIA
2024-08-23,0.00,25.28,36.67,0.68,0,GO,GOIANIA
2024-08-23,0.00,33.24,22.46,1.93,0,MT,CUIABA
2024-08-24,58.12,24.05,73.58,2.39,1,RJ,RIO DE JANEIRO - VILA MILITAR
2024-08-25,48.87,19.85,85.25,2.25,1,RJ,RIO DE JANEIRO - VILA MILITAR
2024-08-25,0.00,18.61,61.50,3.15,1,MT,CUIABA
2024-08-26,0.30,18.72,73.40,1.23,0,SP,Sao Paulo
2024-08-29,46.94,10.79,85.64,1.08,0,SP,Sao Paulo
2024-08-30,27.40,38.29,91.29,1.65,1,BA,SALVADOR
2024-09-01,0.00,20.87,81.47,1.03,0,ES,VITORIA
2024-09-01,0.00,24.72,30.29,0.80,0,GO,GOIANIA
2024-09-01,0.00,20.00,75.83,2.59,0,SC,FLORIANOPOLIS
2024-09-01,0.00,29.90,32.79,1.50,0,MT,CUIABA
2024-09-01,0.00,23.30,28.33,2.20,0,DF,BRASILIA
2024-09-01,1.20,24.13,82.38,1.15,0,BA,SALVADOR
2024-09-02,0.00,23.71,23.00,2.71,0,MG,BELO HORIZONTE - CERCADINHO
2024-09-02,0.00,22.56,75.33,2.33,0,RJ,RIO DE JANEIRO - VILA MILITAR
2024-09-03,0.00,23.35,74.50,23.98,1,ES,VITORIA
2024-09-06,0.00,22.42,83.71,1.89,1,RJ,RIO DE JANEIRO - VILA MILITAR
2024-09-07,0.00,23.78,81.38,0.55,0,RJ,RIO DE JANEIRO - VILA MILITAR
2024-09-07,0.00,22.26,49.42,6.48,0,MG,BELO HORIZONTE - CERCADINHO
2024-09-07,0.00,25.33,73.29,1.07,0,BA,SALVADOR
2024-09-07,0.00,26.72,30.29,1.42,0,GO,GOIANIA
2024-09-07,0.00,20.01,75.29,1.85,0,SC,FLORIANOPOLIS
2024-09-07,0.00,31.80,29.21,1.22,0,MT,CUIABA
2024-09-07,0.00,24.32,27.33,3.13,0,DF,BRASILIA
2024-09-07,0.00,23.74,73.25,1.49,0,ES,VITORIA
2024-09-09,0.00,23.30,27.54,3.28,0,DF,BRASILIA
2024-09-09,0.00,24.52,69.38,1.67,0,ES,VITORIA
2024-09-09,0.20,19.14,88.88,1.23,0,SC,FLORIANOPOLIS
2024-09-09,0.00,32.20,20.17,1.09,0,MT,CUIABA
2024-09-09,4.80,23.81,80.92,1.13,0,BA,SALVADOR
2024-09-09,0.00,24.64,31.08,1.27,0,GO,GOIANIA
2024-09-11,0.00,23.48,37.04,2.78,1,DF,BRASILIA
2024-09-12,0.00,24.02,35.25,2.50,0,DF,BRASILIA
2024-09-12,0.00,33.68,19.79,1.32,0,MT,CUIABA
2024-09-12,5.60,24.51,79.79,1.16,0,BA,SALVADOR
2024-09-12,0.00,25.39,63.88,2.50,0,ES,VITORIA
2024-09-12,0.00,21.20,82.75,2.30,0,SC,FLORIANOPOLIS
2024-09-12,0.00,28.00,25.75,0.96,0,GO,GOIANIA
2024-09-13,4.00,20.97,83.67,1.29,0,SC,FLORIANOPOLIS
2024-09-13,0.20,24.55,76.38,1.17,0,BA,SALVADOR
2024-09-13,0.00,33.33,21.00,1.35,0,MT,CUIABA
2024-09-13,0.00,25.36,64.71,2.22,0,ES,VITORIA
2024-09-13,0.00,27.49,31.00,0.80,0,GO,GOIANIA
2024-09-13,0.00,24.26,38.29,2.59,0,DF,BRASILIA
2024-09-17,0.00,21.82,55.83,8.62,1,MG,BELO HORIZONTE - CERCADINHO
2024-09-20,0.00,34.30,31.91,1.76,0,MT,CUIABA
2024-09-20,0.00,24.86,37.50,3.31,0,DF,BRASILIA
2024-09-20,0.80,24.42,73.29,1.52,0,ES,VITORIA
2024-09-20,23.40,19.99,90.04,1.53,0,SC,FLORIANOPOLIS
2024-09-20,0.00,25.24,70.88,0.92,0,BA,SALVADOR
2024-09-20,0.00,28.50,30.17,1.41,0,GO,GOIANIA
2024-09-22,0.00,25.88,71.92,1.40,0,RJ,RIO DE JANEIRO - VILA MILITAR
2024-09-22,0.00,22.08,57.42,6.70,0,MG,BELO HORIZONTE - CERCADINHO
2024-09-23,2.00,22.61,49.29,6.07,0,MG,BELO HORIZONTE - CERCADINHO
2024-09-23,0.00,26.20,72.62,1.14,0,RJ,RIO DE JANEIRO - VILA MILITAR
2024-09-23,0.00,21.62,83.33,22.16,1,SC,FLORIANOPOLIS
2024-09-24,0.00,26.70,33.25,2.72,1,DF,BRASILIA
2024-09-26,5.20,33.53,35.22,2.33,0,MT,CUIABA
2024-09-26,0.00,25.97,63.12,2.59,0,ES,VITORIA
2024-09-26,0.00,22.65,80.67,1.40,0,SC,FLORIANOPOLIS
2024-09-26,0.00,26.45,29.42,2.66,0,DF,BRASILIA
2024-09-26,0.60,24.86,74.92,0.98,0,BA,SALVADOR
2024-09-26,0.00,31.43,22.28,0.94,0,GO,GOIANIA
2024-09-28,0.00,24.65,40.17,7.01,0,MG,BELO HORIZONTE - CERCADINHO
2024-09-28,0.00,22.64,73.54,2.58,0,RJ,RIO DE JANEIRO - VILA MILITAR
2024-10-01,189.03,23.84,73.54,2.44,1,SC,FLORIANOPOLIS
2024-10-01,0.00,33.98,31.67,2.45,1,MT,CUIABA
2024-10-02,0.00,34.51,35.10,2.34,0,MT,CUIABA
2024-10-02,0.00,25.20,68.17,1.92,0,ES,VITORIA
2024-10-02,0.00,28.79,30.25,0.72,0,GO,GOIANIA
2024-10-02,1.80,21.39,84.83,1.65,0,SC,FLORIANOPOLIS
2024-10-02,0.00,25.18,34.46,2.02,0,DF,BRASILIA
2024-10-02,0.00,25.41,74.67,1.03,0,BA,SALVADOR
2024-10-03,0.00,25.87,32.04,5.66,0,MG,BELO HORIZONTE - CERCADINHO
2024-10-03,0.00,26.98,29.46,1.90,0,DF,BRASILIA
2024-10-03,2.80,18.63,66.71,3.94,0,SC,FLORIANOPOLIS
2024-10-03,0.00,25.76,65.21,1.91,0,ES,VITORIA
2024-10-03,0.80,32.93,42.35,1.65,0,MT,CUIABA
2024-10-03,0.00,25.25,73.71,2.52,0,RJ,RIO DE JANEIRO - VILA MILITAR
2024-10-03,0.00,29.28,32.88,0.77,0,GO,GOIANIA
2024-10-03,0.20,25.58,78.79,1.10,0,BA,SALVADOR
2024-10-04,0.20,25.80,78.50,1.16,1,BA,SALVADOR
2024-10-05,0.00,25.80,75.46,1.03,0,BA,SALVADOR
2024-10-05,1.40,19.60,68.88,1.64,0,SC,FLORIANOPOLIS
2024-10-05,0.00,27.76,27.92,1.63,0,DF,BRASILIA
2024-10-05,10.40,23.28,71.25,1.86,0,ES,VITORIA
2024-10-05,0.00,30.49,31.50,0.82,0,GO,GOIANIA
2024-10-05,0.00,34.27,38.42,1.54,0,MT,CUIABA
2024-10-06,0.00,22.05,58.83,7.21,0,MG,BELO HORIZONTE - CERCADINHO
2024-10-06,0.00,22.84,58.04,1.60,0,RJ,RIO DE JANEIRO - VILA MILITAR
2024-10-11,2.20,21.09,90.88,2.01,1,SC,FLORIANOPOLIS
2024-10-12,69.31,27.90,62.96,2.72,1,RJ,RIO DE JANEIRO - VILA MILITAR
2024-10-13,0.80,26.48,62.04,1.26,1,GO,GOIANIA
2024-10-15,0.00,19.50,65.42,7.42,1,MG,BELO HORIZONTE - CERCADINHO
2024-10-18,6.00,38.55,58.59,2.45,1,MT,CUIABA
2024-10-20,9.20,18.59,88.38,5.16,0,MG,BELO HORIZONTE - CERCADINHO
2024-10-20,40.00,20.72,94.62,0.29,0,RJ,RIO DE JANEIRO - VILA MILITAR
2024-10-21,215.20,30.74,49.59,2.30,1,MT,CUIABA
2024-10-21,1.40,23.56,87.58,0.65,1,RJ,RIO DE JANEIRO - VILA MILITAR
2024-10-22,0.00,31.60,47.09,2.10,1,MT,CUIABA
2024-10-24,56.15,32.84,44.24,3.07,1,MT,CUIABA
2024-10-24,0.00,27.18,62.75,2.35,1,ES,VITORIA
2024-10-25,0.00,26.92,69.21,1.73,1,BA,SALVADOR
2024-10-25,0.00,32.72,43.96,3.08,1,MT,CUIABA
2024-10-25,0.00,28.80,64.25,2.10,1,RJ,RIO DE JANEIRO - VILA MILITAR
2024-10-31,1.00,23.54,78.29,1.23,1,ES,VITORIA
2024-11-03,2.40,24.76,74.46,1.00,0,GO,GOIANIA
2024-11-03,0.00,22.30,78.67,2.27,0,DF,BRASILIA
2024-11-03,0.00,29.01,56.08,1.91,0,MT,CUIABA
2024-11-03,4.60,25.38,79.42,0.96,0,BA,SALVADOR
2024-11-03,10.40,23.92,86.62,1.30,0,SC,FLORIANOPOLIS
2024-11-03,7.80,24.80,81.08,1.32,0,ES,VITORIA
2024-11-05,25.80,23.69,86.83,1.00,0,ES,VITORIA
2024-11-05,20.20,24.53,84.96,1.89,0,SC,FLORIANOPOLIS
2024-11-05,42.00,22.22,85.08,0.72,0,GO,GOIANIA
2024-11-05,1.00,26.12,74.00,0.94,0,BA,SALVADOR
2024-11-05,15.80,28.64,64.36,2.30,0,MT,CUIABA
2024-11-05,44.80,19.33,93.67,2.21,0,DF,BRASILIA
2024-11-09,2.60,26.78,78.38,1.76,1,BA,SALVADOR
2024-11-09,0.00,20.55,67.04,2.35,1,SC,FLORIANOPOLIS
2024-11-09,42.30,18.10,86.80,1.20,1,SP,Sao Paulo
2024-11-11,0.00,24.60,66.46,2.73,1,SC,FLORIANOPOLIS
2024-11-12,43.80,21.63,72.04,3.30,1,SC,FLORIANOPOLIS
2024-11-13,0.00,26.86,76.13,1.70,1,BA,SALVADOR
2024-11-14,24.60,19.91,92.46,2.28,1,DF,BRASILIA
2024-11-19,0.00,24.92,80.38,1.22,0,RJ,RIO DE JANEIRO - VILA MILITAR
2024-11-19,44.80,21.36,71.04,3.97,0,MG,BELO HORIZONTE - CERCADINHO
2024-11-20,2.00,29.01,62.59,2.12,1,MT,CUIABA
2024-11-21,15.40,19.84,87.79,2.19,1,SC,FLORIANOPOLIS
2024-11-25,20.80,29.75,63.65,1.83,0,MT,CUIABA
2024-11-25,0.00,20.96,82.25,2.84,0,DF,BRASILIA
2024-11-25,7.40,21.94,79.50,2.04,0,SC,FLORIANOPOLIS
2024-11-25,53.60,24.10,92.42,1.72,0,BA,SALVADOR
2024-11-25,0.00,25.68,63.54,1.40,0,GO,GOIANIA
2024-11-25,3.20,23.02,72.92,1.30,0,ES,VITORIA
2024-11-26,0.00,19.99,59.62,4.27,0,MG,BELO HORIZONTE - CERCADINHO
2024-11-26,0.00,25.60,65.42,1.04,0,RJ,RIO DE JANEIRO - VILA MILITAR
2024-11-26,197.11,29.31,60.42,3.23,1,MT,CUIABA
2024-11-29,0.00,24.10,50.04,3.46,0,MG,BELO HORIZONTE - CERCADINHO
2024-11-29,0.20,26.09,77.17,1.43,0,RJ,RIO DE JANEIRO - VILA MILITAR
2024-12-01,0.40,23.69,77.92,1.81,0,SC,FLORIANOPOLIS
2024-12-01,0.60,24.88,79.12,0.42,0,GO,GOIANIA
2024-12-01,80.00,25.52,85.54,0.96,0,ES,VITORIA
2024-12-01,0.00,22.83,79.29,1.62,0,DF,BRASILIA
2024-12-01,0.00,26.55,77.42,1.12,0,BA,SALVADOR
2024-12-01,0.00,26.73,78.33,1.35,0,RJ,RIO DE JANEIRO - VILA MILITAR
2024-12-01,7.20,22.04,79.79,4.89,0,MG,BELO HORIZONTE - CERCADINHO
2024-12-01,0.00,29.57,57.65,2.45,0,MT,CUIABA
2024-12-06,0.00,23.50,48.04,5.64,1,MG,BELO HORIZONTE - CERCADINHO
2024-12-08,1.80,20.55,83.96,3.29,1,SC,FLORIANOPOLIS
2024-12-11,2.20,24.00,79.00,1.97,1,RJ,RIO DE JANEIRO - VILA MILITAR
2024-12-15,1.80,27.20,73.00,1.75,1,RJ,RIO DE JANEIRO - VILA MILITAR
2024-12-21,32.40,23.20,90.00,0.80,1,SP,Sao Paulo
2024-12-22,20.80,23.70,79.30,1.10,1,SP,Sao Paulo
2024-12-23,0.00,21.18,76.25,2.65,1,SC,FLORIANOPOLIS
2024-12-23,18.54,26.53,83.58,1.20,1,SP,Sao Paulo
2024-12-25,0.80,25.55,78.92,1.44,0,ES,VITORIA
2024-12-25,4.60,25.78,78.56,1.79,0,MT,CUIABA
2024-12-25,2.00,21.00,88.12,1.96,0,DF,BRASILIA
2024-12-25,4.80,23.72,80.33,2.52,0,SC,FLORIANOPOLIS
2024-12-25,0.00,27.19,73.75,1.10,0,BA,SALVADOR
2024-12-25,5.80,23.45,82.12,0.62,0,GO,GOIANIA
2024-12-26,31.40,37.07,90.00,1.00,1,SP,Sao Paulo
2024-12-27,62.80,22.30,89.50,0.80,1,SP,Sao Paulo
2024-12-27,28.18,17.86,79.23,0.71,1,SP,Sao Paulo
2024-12-28,0.00,29.42,60.45,1.56,0,MT,CUIABA
2024-12-28,0.00,27.70,66.21,1.85,0,ES,VITORIA
2024-12-28,10.40,22.12,77.12,1.60,0,DF,BRASILIA
2024-12-28,0.00,27.42,70.58,1.12,0,BA,SALVADOR
2024-12-28,0.00,25.06,73.58,0.71,0,GO,GOIANIA
2024-12-28,0.00,24.93,75.33,1.79,0,SC,FLORIANOPOLIS
2024-12-31,0.00,25.76,78.67,1.11,0,RJ,RIO DE JANEIRO - VILA MILITAR
2024-12-31,0.00,20.45,71.54,4.06,0,MG,BELO HORIZONTE - CERCADINHO
2025-01-01,0.00,26.31,76.00,1.02,0,RJ,RIO DE JANEIRO - VILA MILITAR
2025-01-01,36.80,19.25,80.88,4.89,0,MG,BELO HORIZONTE - CERCADINHO
2025-01-01,4.40,24.35,78.08,0.70,1,GO,GOIANIA
2025-01-02,0.00,29.41,62.18,2.48,1,MT,CUIABA
2025-01-03,10.80,19.42,87.50,2.72,0,MG,BELO HORIZONTE - CERCADINHO
2025-01-03,0.80,28.15,69.38,1.55,0,RJ,RIO DE JANEIRO - VILA MILITAR
2025-01-04,0.40,27.24,71.72,1.49,0,MT,CUIABA
2025-01-04,0.00,25.34,71.08,2.65,0,SC,FLORIANOPOLIS
2025-01-04,0.00,23.35,71.17,1.66,0,DF,BRASILIA
2025-01-04,1.60,24.48,74.38,0.57,0,GO,GOIANIA
2025-01-04,0.00,27.45,74.75,1.37,0,BA,SALVADOR
2025-01-04,1.00,26.19,77.71,1.55,0,ES,VITORIA
2025-01-05,0.00,23.71,72.42,2.08,1,SC,FLORIANOPOLIS
2025-01-07,0.00,27.76,72.04,1.40,0,BA,SALVADOR
2025-01-07,2.80,24.20,79.04,0.75,0,GO,GOIANIA
2025-01-07,1.20,27.57,72.00,1.95,0,MT,CUIABA
2025-01-07,0.00,23.58,67.92,1.86,0,SC,FLORIANOPOLIS
2025-01-07,41.00,26.23,81.38,1.56,0,ES,VITORIA
2025-01-07,0.00,22.75,78.75,2.34,0,DF,BRASILIA
2025-01-08,3.80,23.20,75.29,1.44,0,SC,FLORIANOPOLIS
2025-01-08,15.60,24.79,91.25,1.08,0,ES,VITORIA
2025-01-08,19.40,23.29,85.25,0.68,0,GO,GOIANIA
2025-01-08,2.80,21.82,82.54,2.43,0,DF,BRASILIA
2025-01-08,0.00,27.25,73.92,1.34,0,BA,SALVADOR
2025-01-08,1.20,27.03,72.74,1.72,0,MT,CUIABA
2025-01-11,0.00,23.78,79.67,1.02,0,RJ,RIO DE JANEIRO - VILA MILITAR
2025-01-11,0.20,21.45,74.00,5.06,0,MG,BELO HORIZONTE - CERCADINHO
2025-01-12,0.40,21.38,76.79,6.12,0,MG,BELO HORIZONTE - CERCADINHO
2025-01-12,0.00,23.54,80.58,0.44,0,RJ,RIO DE JANEIRO - VILA MILITAR
2025-01-13,17.80,23.76,81.46,0.58,0,GO,GOIANIA
2025-01-13,9.40,20.63,92.17,1.83,0,DF,BRASILIA
2025-01-13,0.20,27.18,72.47,2.04,0,MT,CUIABA
2025-01-13,1.60,22.82,72.58,1.48,0,SC,FLORIANOPOLIS
2025-01-13,4.20,25.34,79.62,1.26,0,ES,VITORIA
2025-01-13,0.00,26.10,83.96,1.18,0,BA,SALVADOR
2025-01-15,4.40,24.88,70.08,1.70,1,SC,FLORIANOPOLIS
2025-01-17,10.00,21.03,87.42,3.10,1,DF,BRASILIA
2025-01-17,32.08,22.16,91.07,0.70,1,SP,Sao Paulo
2025-01-17,0.00,30.18,67.96,1.73,0,RJ,RIO DE JANEIRO - VILA MILITAR
2025-01-17,2.60,23.02,71.54,4.70,0,MG,BELO HORIZONTE - CERCADINHO
2025-01-22,4.00,25.02,64.54,3.90,0,MG,BELO HORIZONTE - CERCADINHO
2025-01-22,0.00,30.37,64.42,1.20,0,RJ,RIO DE JANEIRO - VILA MILITAR
2025-01-24,0.00,27.31,64.67,1.41,1,GO,GOIANIA
2025-01-26,0.00,26.36,65.08,0.74,1,GO,GOIANIA
2025-01-26,0.60,29.16,68.71,1.77,1,RJ,RIO DE JANEIRO - VILA MILITAR
2025-01-26,0.00,28.25,65.08,2.04,1,ES,VITORIA
2025-01-31,0.00,28.50,63.62,2.35,1,ES,VITORIA
2025-02-02,0.00,28.73,63.79,2.11,1,ES,VITORIA
2025-02-04,47.06,23.81,87.77,1.03,1,SP,Sao Paulo
2025-02-06,2.20,28.12,69.88,2.33,1,SC,FLORIANOPOLIS
2025-02-08,0.20,25.28,61.00,1.27,1,GO,GOIANIA
2025-02-09,0.00,28.54,70.25,1.02,0,RJ,RIO DE JANEIRO - VILA MILITAR
2025-02-09,0.00,21.28,70.50,5.80,0,MG,BELO HORIZONTE - CERCADINHO
2025-02-09,153.08,22.16,72.75,3.25,1,DF,BRASILIA
2025-02-10,9.80,26.90,68.52,1.61,0,MT,CUIABA
2025-02-10,33.00,23.78,72.50,1.10,0,GO,GOIANIA
2025-02-10,3.00,22.38,72.62,2.97,0,DF,BRASILIA
2025-02-10,0.00,27.25,73.42,1.75,0,SC,FLORIANOPOLIS
2025-02-10,3.00,27.56,75.71,0.92,0,BA,SALVADOR
2025-02-10,2.00,27.41,71.88,1.40,0,ES,VITORIA
2025-02-11,0.00,28.05,72.29,2.15,1,SC,FLORIANOPOLIS
2025-02-13,0.00,22.22,66.25,4.74,0,MG,BELO HORIZONTE - CERCADINHO
2025-02-13,0.00,29.48,65.79,1.24,0,RJ,RIO DE JANEIRO - VILA MILITAR
2025-02-14,0.00,29.05,70.12,1.73,1,RJ,RIO DE JANEIRO - VILA MILITAR
2025-02-14,64.41,25.33,82.50,2.03,1,SC,FLORIANOPOLIS
2025-02-17,62.29,22.69,83.27,0.83,1,SP,Sao Paulo
2025-02-20,0.00,24.41,48.75,2.35,0,DF,BRASILIA
2025-02-20,0.80,27.26,67.70,1.31,0,MT,CUIABA
2025-02-20,0.00,26.60,55.88,0.93,0,GO,GOIANIA
2025-02-20,2.00,28.11,76.79,0.99,0,BA,SALVADOR
2025-02-20,0.20,25.18,83.58,1.73,0,SC,FLORIANOPOLIS
2025-02-20,7.80,26.95,75.33,1.46,0,ES,VITORIA
2025-02-25,0.00,21.59,68.67,6.56,0,MG,BELO HORIZONTE - CERCADINHO
2025-02-25,0.00,29.71,65.33,1.36,0,RJ,RIO DE JANEIRO - VILA MILITAR
2025-02-26,0.00,28.55,74.67,2.65,0,SC,FLORIANOPOLIS
2025-02-26,8.20,22.84,82.92,0.83,0,GO,GOIANIA
2025-02-26,0.00,23.03,69.25,2.60,0,DF,BRASILIA
2025-02-26,0.40,26.16,73.81,1.60,0,MT,CUIABA
2025-02-26,0.00,27.24,74.83,1.53,0,ES,VITORIA
2025-02-26,1.40,27.30,77.88,0.93,0,BA,SALVADOR
2025-02-27,0.00,28.31,75.92,2.20,1,SC,FLORIANOPOLIS
2025-03-01,0.00,30.00,59.08,22.29,1,RJ,RIO DE JANEIRO - VILA MILITAR
2025-03-02,0.00,28.50,72.96,2.05,1,SC,FLORIANOPOLIS
2025-03-03,0.00,22.94,67.29,3.03,1,DF,BRASILIA
2025-03-03,0.00,25.80,60.79,1.30,1,GO,GOIANIA
2025-03-04,0.00,28.74,62.29,1.81,1,RJ,RIO DE JANEIRO - VILA MILITAR
2025-03-04,0.20,20.70,71.50,7.05,1,MG,BELO HORIZONTE - CERCADINHO
2025-03-05,0.60,27.22,71.71,2.00,1,SC,FLORIANOPOLIS
2025-03-07,0.00,26.22,54.54,20.93,1,GO,GOIANIA
2025-03-13,14.60,23.77,84.92,2.15,1,SC,FLORIANOPOLIS
2025-03-15,0.00,27.10,77.17,1.35,0,RJ,RIO DE JANEIRO - VILA MILITAR
2025-03-15,0.00,23.75,67.79,5.78,0,MG,BELO HORIZONTE - CERCADINHO
2025-03-18,11.60,27.20,79.42,0.93,0,BA,SALVADOR
2025-03-18,2.00,28.40,65.62,1.01,0,MT,CUIABA
2025-03-18,0.00,23.89,66.58,1.62,0,DF,BRASILIA
2025-03-18,0.60,25.51,71.92,0.60,0,GO,GOIANIA
2025-03-18,4.60,24.89,78.21,1.79,0,SC,FLORIANOPOLIS
2025-03-18,0.20,26.28,79.50,1.15,0,ES,VITORIA
2025-03-19,0.40,26.68,80.96,1.08,0,ES,VITORIA
2025-03-19,0.00,23.50,70.54,1.65,0,DF,BRASILIA
2025-03-19,0.00,25.38,70.71,0.86,0,GO,GOIANIA
2025-03-19,0.00,27.52,75.83,0.97,0,BA,SALVADOR
2025-03-19,54.20,26.02,80.42,1.82,1,RJ,RIO DE JANEIRO - VILA MILITAR
2025-03-19,0.00,27.97,67.88,1.39,0,MT,CUIABA
2025-03-19,0.80,23.22,75.54,1.86,0,SC,FLORIANOPOLIS
2025-03-24,0.80,23.64,77.21,0.71,0,GO,GOIANIA
2025-03-24,14.60,27.97,66.73,1.61,0,MT,CUIABA
2025-03-24,1.40,25.38,74.88,1.42,0,SC,FLORIANOPOLIS
2025-03-24,0.00,27.05,78.83,1.26,0,ES,VITORIA
2025-03-24,0.40,28.19,72.50,1.12,0,BA,SALVADOR
2025-03-24,0.20,21.14,84.83,1.35,0,DF,BRASILIA
2025-03-25,0.40,26.48,80.21,1.30,1,RJ,RIO DE JANEIRO - VILA MILITAR
2025-03-26,11.20,21.28,77.08,5.16,0,MG,BELO HORIZONTE - CERCADINHO
2025-03-26,0.00,26.33,79.58,1.00,0,RJ,RIO DE JANEIRO - VILA MILITAR
2025-03-28,1.80,25.03,76.04,0.63,1,GO,GOIANIA
2025-03-31,0.00,25.79,69.62,0.75,0,GO,GOIANIA
2025-03-31,1.20,29.09,63.36,1.74,0,MT,CUIABA
2025-03-31,0.00,27.49,76.79,1.11,0,ES,VITORIA
2025-03-31,1.00,27.46,78.50,0.97,0,BA,SALVADOR
2025-03-31,0.00,26.12,74.04,1.91,0,SC,FLORIANOPOLIS
2025-03-31,0.00,23.63,66.92,1.85,0,DF,BRASILIA
2025-04-03,0.00,27.11,74.36,1.15,0,MT,CUIABA
2025-04-03,0.00,27.89,70.91,0.84,0,BA,SALVADOR
2025-04-03,5.40,25.17,83.29,2.56,0,SC,FLORIANOPOLIS
2025-04-03,0.00,27.19,74.04,1.49,0,ES,VITORIA
2025-04-03,0.00,25.25,69.58,0.60,0,GO,GOIANIA
2025-04-03,0.00,23.95,63.83,1.97,0,DF,BRASILIA
2025-04-04,0.00,27.74,70.42,1.52,0,ES,VITORIA
2025-04-04,0.00,28.41,70.25,0.96,0,BA,SALVADOR
2025-04-04,0.40,23.19,70.38,1.85,0,DF,BRASILIA
2025-04-04,44.80,26.28,84.83,0.94,0,RJ,RIO DE JANEIRO - VILA MILITAR
2025-04-04,1.60,24.58,73.71,1.12,0,GO,GOIANIA
2025-04-04,23.80,27.30,74.43,1.15,0,MT,CUIABA
2025-04-04,0.00,22.48,70.71,4.62,0,MG,BELO HORIZONTE - CERCADINHO
2025-04-04,8.60,22.00,75.96,3.15,0,SC,FLORIANOPOLIS
2025-04-10,15.80,24.94,79.92,1.66,0,RJ,RIO DE JANEIRO - VILA MILITAR
2025-04-10,0.20,21.40,69.75,3.43,0,MG,BELO HORIZONTE - CERCADINHO
2025-04-13,0.00,25.22,75.12,0.68,0,RJ,RIO DE JANEIRO - VILA MILITAR
2025-04-13,0.00,20.37,68.04,5.73,0,MG,BELO HORIZONTE - CERCADINHO
2025-04-16,57.00,17.77,88.00,6.87,1,MG,BELO HORIZONTE - CERCADINHO
2025-04-16,0.00,21.54,82.54,2.10,0,DF,BRASILIA
2025-04-16,0.00,27.86,77.12,0.88,0,BA,SALVADOR
2025-04-16,1.00,26.75,77.71,1.72,0,MT,CUIABA
2025-04-16,6.60,24.93,78.46,0.83,0,ES,VITORIA
2025-04-16,0.00,23.89,76.50,0.56,0,GO,GOIANIA
2025-04-16,0.00,23.44,69.75,1.71,0,SC,FLORIANOPOLIS
2025-04-19,0.00,23.52,81.12,2.07,1,SC,FLORIANOPOLIS
2025-04-22,0.00,23.92,67.12,0.99,0,ES,VITORIA
2025-04-22,0.00,18.99,74.79,1.31,0,SC,FLORIANOPOLIS
2025-04-22,0.00,25.18,70.25,0.63,0,GO,GOIANIA
2025-04-22,22.40,26.10,77.50,0.99,0,MT,CUIABA
2025-04-22,0.20,21.91,81.17,1.55,0,DF,BRASILIA
2025-04-22,14.80,26.80,85.79,1.17,0,BA,SALVADOR
2025-04-24,0.00,24.53,77.29,0.70,0,RJ,RIO DE JANEIRO - VILA MILITAR
2025-04-24,0.40,19.15,79.50,4.30,0,MG,BELO HORIZONTE - CERCADINHO
2025-04-25,0.00,22.30,77.12,1.15,0,SC,FLORIANOPOLIS
2025-04-25,0.00,28.98,63.71,1.67,0,MT,CUIABA
2025-04-25,0.00,26.92,68.50,1.21,0,ES,VITORIA
2025-04-25,1.60,26.14,85.88,0.87,0,BA,SALVADOR
2025-04-25,1.20,21.93,83.75,1.43,0,DF,BRASILIA
2025-04-25,3.80,24.21,80.29,0.60,0,GO,GOIANIA
2025-04-26,0.00,25.75,72.08,1.26,0,ES,VITORIA
2025-04-26,0.00,21.77,80.25,1.28,0,SC,FLORIANOPOLIS
2025-04-26,0.00,26.95,82.92,0.72,0,BA,SALVADOR
2025-04-26,0.20,22.04,80.79,1.09,0,DF,BRASILIA
2025-04-26,0.00,29.78,62.04,1.55,0,MT,CUIABA
2025-04-26,0.20,24.94,73.25,0.50,0,GO,GOIANIA
2025-04-27,0.00,24.76,79.33,0.65,1,RJ,RIO DE JANEIRO - VILA MILITAR
2025-04-28,0.60,25.28,81.38,1.02,0,RJ,RIO DE JANEIRO - VILA MILITAR
2025-04-28,1.00,20.51,84.50,2.81,0,MG,BELO HORIZONTE - CERCADINHO
2025-04-29,0.00,21.09,77.42,2.75,0,MG,BELO HORIZONTE - CERCADINHO
2025-04-29,21.20,21.90,90.29,0.88,0,RJ,RIO DE JANEIRO - VILA MILITAR
2025-05-01,3.20,26.49,83.04,0.88,0,BA,SALVADOR
2025-05-01,0.40,21.26,86.88,2.34,0,DF,BRASILIA
2025-05-01,0.00,24.25,72.71,1.11,0,GO,GOIANIA
2025-05-01,0.00,19.95,68.42,1.18,0,SC,FLORIANOPOLIS
2025-05-01,0.00,26.94,67.50,0.99,0,MT,CUIABA
2025-05-01,0.00,23.86,67.35,1.10,0,ES,VITORIA
2025-05-03,0.00,17.03,68.33,5.99,0,MG,BELO HORIZONTE - CERCADINHO
2025-05-03,0.00,21.20,78.88,0.37,0,RJ,RIO DE JANEIRO - VILA MILITAR
2025-05-04,0.00,17.20,66.62,5.40,0,MG,BELO HORIZONTE - CERCADINHO
2025-05-04,0.00,21.83,80.96,0.56,0,RJ,RIO DE JANEIRO - VILA MILITAR
2025-05-08,0.20,18.84,74.00,5.62,0,MG,BELO HORIZONTE - CERCADINHO
2025-05-08,0.00,24.02,79.33,0.61,0,RJ,RIO DE JANEIRO - VILA MILITAR
2025-05-12,0.00,24.64,63.54,1.23,1,GO,GOIANIA
2025-05-12,0.40,17.65,79.46,10.32,1,MG,BELO HORIZONTE - CERCADINHO
2025-05-12,0.00,22.31,68.17,20.92,1,DF,BRASILIA
2025-05-14,15.00,24.54,89.17,1.93,1,BA,SALVADOR
2025-05-15,0.00,18.85,75.29,3.29,1,DF,BRASILIA
2025-05-15,0.00,21.59,66.62,1.45,1,GO,GOIANIA
2025-05-15,0.00,15.89,77.79,7.35,1,MG,BELO HORIZONTE - CERCADINHO
2025-05-16,48.76,18.47,77.67,3.74,1,DF,BRASILIA
2025-05-18,5.40,25.17,81.00,1.53,1,BA,SALVADOR
2025-05-19,3.80,25.03,78.83,1.33,0,BA,SALVADOR
2025-05-19,0.00,19.36,69.57,2.67,0,DF,BRASILIA
2025-05-19,0.00,21.88,62.04,1.13,0,GO,GOIANIA
2025-05-19,2.00,22.53,85.04,1.03,0,ES,VITORIA
2025-05-19,0.00,,,,0,SC,FLORIANOPOLIS
2025-05-19,0.00,28.42,57.42,1.29,0,MT,CUIABA
2025-05-20,0.00,17.62,59.38,3.28,0,MG,BELO HORIZONTE - CERCADINHO
2025-05-20,0.00,21.40,76.67,0.40,0,RJ,RIO DE JANEIRO - VILA MILITAR
2025-05-23,0.00,19.31,65.29,4.23,0,MG,BELO HORIZONTE - CERCADINHO
2025-05-23,0.80,21.75,87.67,0.86,0,RJ,RIO DE JANEIRO - VILA MILITAR
2025-05-27,0.00,25.76,74.96,0.92,0,BA,SALVADOR
2025-05-27,0.00,19.45,64.79,2.35,0,DF,BRASILIA
2025-05-27,5.20,24.15,85.43,0.95,0,ES,VITORIA
2025-05-27,0.00,28.70,49.88,1.74,0,MT,CUIABA
2025-05-27,0.00,,,,0,SC,FLORIANOPOLIS
2025-05-27,0.00,22.93,53.52,0.89,0,GO,GOIANIA
2025-05-29,0.00,18.52,78.25,1.21,1,GO,GOIANIA
2025-06-01,0.00,21.21,82.92,0.78,0,RJ,RIO DE JANEIRO - VILA MILITAR
2025-06-01,0.40,19.24,75.54,6.24,0,MG,BELO HORIZONTE - CERCADINHO
2025-06-03,0.00,23.32,65.10,1.25,0,GO,GOIANIA
2025-06-03,32.40,22.89,89.42,0.95,0,ES,VITORIA
2025-06-03,6.20,24.59,85.79,0.98,0,BA,SALVADOR
2025-06-03,0.00,20.49,73.54,2.70,0,DF,BRASILIA
2025-06-03,0.00,,,,0,SC,FLORIANOPOLIS
2025-06-03,0.00,26.73,65.17,0.81,0,MT,CUIABA
2025-06-08,0.00,21.83,59.77,0.48,0,GO,GOIANIA
2025-06-08,0.00,,,,0,SC,FLORIANOPOLIS
2025-06-08,0.00,21.02,50.42,1.80,0,DF,BRASILIA
2025-06-08,0.00,25.37,75.61,0.86,0,BA,SALVADOR
2025-06-08,0.00,24.69,78.00,1.09,0,ES,VITORIA
2025-06-08,0.00,27.61,51.17,1.18,0,MT,CUIABA
2025-06-10,5.60,19.50,90.12,0.82,1,RJ,RIO DE JANEIRO - VILA MILITAR
2025-06-12,0.20,13.38,66.88,9.64,1,MG,BELO HORIZONTE - CERCADINHO
2025-06-14,0.00,,,,1,SC,FLORIANOPOLIS
2025-06-17,41.20,23.59,88.88,1.62,1,BA,SALVADOR
2025-06-18,0.20,16.47,73.00,6.52,0,MG,BELO HORIZONTE - CERCADINHO
2025-06-18,0.00,20.45,78.92,0.75,0,RJ,RIO DE JANEIRO - VILA MILITAR
2025-06-23,0.00,24.32,81.29,0.65,0,BA,SALVADOR
2025-06-23,0.00,28.51,50.85,2.03,0,MT,CUIABA
2025-06-23,0.00,23.99,69.25,1.18,0,RJ,RIO DE JANEIRO - VILA MILITAR
2025-06-23,0.00,,,,0,SC,FLORIANOPOLIS
2025-06-23,0.00,22.61,61.52,0.59,0,GO,GOIANIA
2025-06-23,0.00,20.48,59.83,1.19,0,DF,BRASILIA
2025-06-23,0.00,24.10,75.50,1.59,0,ES,VITORIA
2025-06-23,0.00,20.03,54.67,3.84,0,MG,BELO HORIZONTE - CERCADINHO
2025-06-24,0.00,18.88,64.75,4.08,0,MG,BELO HORIZONTE - CERCADINHO
2025-06-24,0.00,19.57,83.25,2.24,0,RJ,RIO DE JANEIRO - VILA MILITAR
2025-06-25,0.00,16.23,78.54,7.30,1,MG,BELO HORIZONTE - CERCADINHO
2025-06-25,0.00,21.34,68.52,1.44,1,GO,GOIANIA
2025-06-26,0.00,23.40,57.10,1.24,0,GO,GOIANIA
2025-06-26,0.00,21.76,69.95,1.03,0,ES,VITORIA
2025-06-26,10.20,24.62,84.58,1.28,0,BA,SALVADOR
2025-06-26,0.00,26.60,64.70,0.95,0,MT,CUIABA
2025-06-26,0.00,19.91,67.21,2.81,0,DF,BRASILIA
2025-06-26,0.00,,,,0,SC,FLORIANOPOLIS
2025-06-27,0.00,23.07,78.88,1.07,0,ES,VITORIA
2025-06-27,12.80,24.30,85.83,1.18,0,BA,SALVADOR
2025-06-27,0.00,22.31,58.75,0.88,0,GO,GOIANIA
2025-06-27,0.00,19.48,65.17,2.00,0,DF,BRASILIA
2025-06-27,0.00,26.60,67.25,0.86,0,MT,CUIABA
2025-06-27,0.00,,,,0,SC,FLORIANOPOLIS
2025-06-30,0.20,25.04,73.58,1.08,0,BA,SALVADOR
2025-06-30,0.00,23.02,72.79,1.17,0,ES,VITORIA
2025-06-30,0.00,,,,0,SC,FLORIANOPOLIS
2025-06-30,0.00,19.44,62.67,2.10,0,DF,BRASILIA
2025-06-30,0.20,18.42,81.38,2.22,0,MT,CUIABA
2025-06-30,0.00,22.05,54.43,0.98,0,GO,GOIANIA
2025-07-02,7.20,18.65,92.46,1.10,0,RJ,RIO DE JANEIRO - VILA MILITAR
2025-07-02,0.00,16.91,67.21,6.32,0,MG,BELO HORIZONTE - CERCADINHO
2025-07-03,0.00,15.90,71.00,7.82,1,MG,BELO HORIZONTE - CERCADINHO
2025-07-03,0.00,16.65,76.50,2.25,1,MT,CUIABA
2025-07-04,0.00,17.82,61.96,2.87,1,DF,BRASILIA
2025-07-04,0.40,14.70,78.29,9.20,1,MG,BELO HORIZONTE - CERCADINHO
2025-07-05,239.48,19.98,54.14,1.30,1,GO,GOIANIA
2025-07-05,6.20,23.25,87.83,2.49,1,BA,SALVADOR
2025-07-06,0.00,17.23,86.00,0.18,0,RJ,RIO DE JANEIRO - VILA MILITAR
2025-07-06,0.00,16.51,54.17,3.68,0,MG,BELO HORIZONTE - CERCADINHO
2025-07-06,59.20,21.97,95.54,1.84,1,BA,SALVADOR
2025-07-07,0.00,14.83,65.21,6.99,1,MG,BELO HORIZONTE - CERCADINHO
2025-07-08,0.00,23.80,50.12,0.91,1,MT,CUIABA
2025-07-09,0.00,23.75,76.04,1.51,1,BA,SALVADOR
2025-07-09,0.00,18.80,84.46,0.96,0,RJ,RIO DE JANEIRO - VILA MILITAR
2025-07-09,0.00,15.68,59.46,5.79,0,MG,BELO HORIZONTE - CERCADINHO
2025-07-10,0.00,20.84,48.19,1.53,0,GO,GOIANIA
2025-07-10,2.40,20.67,76.33,0.88,0,ES,VITORIA
2025-07-10,0.00,,,,0,SC,FLORIANOPOLIS
2025-07-10,0.00,24.02,51.67,0.76,0,MT,CUIABA
2025-07-10,4.00,23.81,77.46,1.38,0,BA,SALVADOR
2025-07-10,0.00,18.35,51.54,3.10,0,DF,BRASILIA
2025-07-10,0.00,15.58,65.50,6.83,1,MG,BELO HORIZONTE - CERCADINHO
2025-07-12,1.20,23.92,73.33,1.50,0,BA,SALVADOR
2025-07-12,0.00,21.88,49.25,2.02,0,GO,GOIANIA
2025-07-12,0.00,15.20,76.12,7.17,0,MG,BELO HORIZONTE - CERCADINHO
2025-07-12,0.00,21.27,76.17,0.85,0,RJ,RIO DE JANEIRO - VILA MILITAR
2025-07-12,1.60,20.06,88.62,0.89,0,ES,VITORIA
2025-07-12,0.00,,,,0,SC,FLORIANOPOLIS
2025-07-12,0.00,17.37,67.42,3.16,0,DF,BRASILIA
2025-07-12,0.00,23.92,49.62,0.84,0,MT,CUIABA
2025-07-13,0.00,17.31,66.29,2.75,1,DF,BRASILIA
2025-07-13,0.00,14.81,61.88,24.92,1,MG,BELO HORIZONTE - CERCADINHO
2025-07-13,5.60,23.43,77.29,2.05,1,BA,SALVADOR
2025-07-16,0.00,16.79,47.92,5.18,0,MG,BELO HORIZONTE - CERCADINHO
2025-07-16,0.00,16.90,80.25,0.51,0,RJ,RIO DE JANEIRO - VILA MILITAR
2025-07-17,6.00,23.48,83.04,1.85,0,BA,SALVADOR
2025-07-17,0.00,18.25,55.00,1.98,0,DF,BRASILIA
2025-07-17,0.00,21.44,76.16,1.08,0,ES,VITORIA
2025-07-17,0.00,,,,0,SC,FLORIANOPOLIS
2025-07-17,0.00,24.48,50.46,1.23,0,MT,CUIABA
2025-07-17,0.00,20.83,51.18,0.70,0,GO,GOIANIA
2025-07-18,0.00,17.52,51.12,2.92,0,MG,BELO HORIZONTE - CERCADINHO
2025-07-18,0.00,19.80,76.42,0.90,0,RJ,RIO DE JANEIRO - VILA MILITAR
2025-07-28,0.00,27.01,48.17,1.35,0,MT,CUIABA
2025-07-28,0.00,23.89,70.54,1.83,0,ES,VITORIA
2025-07-28,0.00,21.20,44.54,1.85,0,DF,BRASILIA
2025-07-28,0.00,,,,0,SC,FLORIANOPOLIS
2025-07-28,0.00,23.23,50.29,0.77,0,GO,GOIANIA
2025-07-28,0.00,19.12,56.50,4.25,0,MG,BELO HORIZONTE - CERCADINHO
2025-07-28,0.00,24.03,74.38,0.92,0,BA,SALVADOR
2025-07-28,0.00,22.39,71.08,1.12,0,RJ,RIO DE JANEIRO - VILA MILITAR
2025-07-30,0.00,17.29,64.21,2.08,1,RJ,RIO DE JANEIRO - VILA MILITAR
2025-07-31,0.00,19.73,45.58,2.35,0,DF,BRASILIA
2025-07-31,0.00,,,,0,SC,FLORIANOPOLIS
2025-07-31,0.00,20.81,57.61,1.49,0,ES,VITORIA
2025-07-31,2.40,24.00,81.79,0.86,0,BA,SALVADOR
2025-07-31,0.00,27.28,46.71,1.15,0,MT,CUIABA
2025-07-31,0.00,21.14,40.86,1.02,0,GO,GOIANIA
2025-08-05,0.00,21.49,48.18,0.73,1,GO,GOIANIA
2025-08-05,0.00,19.58,83.29,0.64,0,RJ,RIO DE JANEIRO - VILA MILITAR
2025-08-05,0.00,15.61,63.71,6.34,0,MG,BELO HORIZONTE - CERCADINHO
2025-08-06,0.00,22.18,72.38,1.15,1,MT,CUIABA
2025-08-08,0.00,27.02,54.44,2.10,1,ES,VITORIA
2025-08-09,0.00,24.11,81.04,0.92,0,BA,SALVADOR
2025-08-09,0.00,,,,0,SC,FLORIANOPOLIS
2025-08-09,0.00,25.03,65.33,2.13,0,ES,VITORIA
2025-08-09,0.00,20.58,53.82,1.64,0,GO,GOIANIA
2025-08-09,0.00,20.56,49.08,2.31,0,DF,BRASILIA
2025-08-09,0.60,20.33,49.08,3.62,0,MG,BELO HORIZONTE - CERCADINHO
2025-08-09,0.00,20.59,51.48,2.39,0,MT,CUIABA
2025-08-09,0.40,19.28,84.62,1.60,0,RJ,RIO DE JANEIRO - VILA MILITAR
2025-08-11,0.00,21.87,41.46,1.34,1,MT,CUIABA
2025-08-12,0.00,18.39,31.17,2.06,1,DF,BRASILIA
2025-08-15,0.00,,,,0,SC,FLORIANOPOLIS
2025-08-15,0.00,23.21,41.75,2.73,0,DF,BRASILIA
2025-08-15,0.00,23.47,58.20,1.89,0,ES,VITORIA
2025-08-15,0.00,25.27,33.75,1.12,0,MT,CUIABA
2025-08-15,1.00,24.74,78.83,1.23,0,BA,SALVADOR
2025-08-15,0.00,27.41,29.82,1.18,0,GO,GOIANIA
2025-08-18,0.00,,,,1,SC,FLORIANOPOLIS
2025-08-19,0.00,38.96,66.58,8.00,1,MG,BELO HORIZONTE - CERCADINHO
2025-08-20,0.00,24.12,67.12,1.49,1,BA,SALVADOR
2025-08-21,0.00,22.95,30.33,2.78,1,DF,BRASILIA
2025-08-23,0.00,22.03,36.08,1.95,0,DF,BRASILIA
2025-08-23,0.00,,,,0,GO,GOIANIA
2025-08-23,0.00,31.92,19.48,1.92,0,MT,CUIABA
2025-08-23,0.00,24.65,65.64,2.66,0,ES,VITORIA
2025-08-23,0.00,,,,0,SC,FLORIANOPOLIS
2025-08-23,3.00,23.40,83.25,0.85,0,BA,SALVADOR
2025-08-24,0.00,22.63,38.71,2.15,0,DF,BRASILIA
2025-08-24,0.00,,,,0,SC,FLORIANOPOLIS
2025-08-24,0.00,24.82,66.18,2.31,0,ES,VITORIA
2025-08-24,0.00,,,,0,GO,GOIANIA
2025-08-24,6.60,23.46,86.92,0.86,0,BA,SALVADOR
2025-08-24,0.00,21.70,55.79,2.12,0,MT,CUIABA
2025-08-25,69.36,20.23,57.46,2.21,1,MT,CUIABA
2025-08-28,0.00,24.18,32.92,2.74,1,DF,BRASILIA
2025-08-29,0.00,23.91,43.46,2.37,1,GO,GOIANIA
2025-08-31,0.00,22.94,42.00,2.82,1,DF,BRASILIA
